{
    "type": "FeatureCollection",
    "features": [
        {
            "type": "Feature",
            "geometry": {
                "type": "Polygon",
                "coordinates": [
                    [
                        [
                            90.343991,
                            23.809632
                        ],
                        [
                            90.344225,
                            23.80969
                        ],
                        [
                            90.344183,
                            23.809908
                        ],
                        [
                            90.343902,
                            23.809861
                        ],
                        [
                            90.343991,
                            23.809632
                        ]
                    ]
                ]
            },
            "properties": {
                "timestamp": "2021-07-27T11:39:10Z",
                "version": "3",
                "changeset": "108686274",
                "user": "AmanBD",
                "uid": "509560",
                "animal cage": "cage",
                "attraction": "animal",
                "name": "Chimpanzee Cage",
                "tourism": "attraction",
                "id": "way/161897646"
            },
            "id": "way/161897646"
        },
        {
            "type": "Feature",
            "geometry": {
                "type": "Polygon",
                "coordinates": [
                    [
                        [
                            90.344197,
                            23.814538
                        ],
                        [
                            90.344363,
                            23.814385
                        ],
                        [
                            90.344732,
                            23.814709
                        ],
                        [
                            90.34456,
                            23.814872
                        ],
                        [
                            90.344197,
                            23.814538
                        ]
                    ]
                ]
            },
            "properties": {
                "timestamp": "2021-02-21T23:21:16Z",
                "version": "2",
                "changeset": "99702972",
                "user": "rene78",
                "uid": "257555",
                "animal cage": "cage",
                "attraction": "animal",
                "tourism": "attraction",
                "id": "way/161897648"
            },
            "id": "way/161897648"
        },
        {
            "type": "Feature",
            "geometry": {
                "type": "Polygon",
                "coordinates": [
                    [
                        [
                            90.346282,
                            23.814
                        ],
                        [
                            90.34625,
                            23.813872
                        ],
                        [
                            90.346603,
                            23.813767
                        ],
                        [
                            90.346724,
                            23.814001
                        ],
                        [
                            90.346282,
                            23.814
                        ]
                    ]
                ]
            },
            "properties": {
                "timestamp": "2021-02-21T23:21:16Z",
                "version": "2",
                "changeset": "99702972",
                "user": "rene78",
                "uid": "257555",
                "animal cage": "cage",
                "attraction": "animal",
                "tourism": "attraction",
                "id": "way/161897652"
            },
            "id": "way/161897652"
        },
        {
            "type": "Feature",
            "geometry": {
                "type": "Polygon",
                "coordinates": [
                    [
                        [
                            90.346277,
                            23.814262
                        ],
                        [
                            90.34629,
                            23.814076
                        ],
                        [
                            90.346569,
                            23.814084
                        ],
                        [
                            90.346566,
                            23.814267
                        ],
                        [
                            90.346277,
                            23.814262
                        ]
                    ]
                ]
            },
            "properties": {
                "timestamp": "2021-02-21T23:21:16Z",
                "version": "4",
                "changeset": "99702972",
                "user": "rene78",
                "uid": "257555",
                "animal cage": "cage",
                "attraction": "animal",
                "name": "Oriental pied hornbill cage",
                "tourism": "attraction",
                "id": "way/161900066"
            },
            "id": "way/161900066"
        },
        {
            "type": "Feature",
            "geometry": {
                "type": "Polygon",
                "coordinates": [
                    [
                        [
                            90.343954,
                            23.808945
                        ],
                        [
                            90.342619,
                            23.808772
                        ],
                        [
                            90.342599,
                            23.808756
                        ],
                        [
                            90.34268,
                            23.808636
                        ],
                        [
                            90.342819,
                            23.808475
                        ],
                        [
                            90.343031,
                            23.808386
                        ],
                        [
                            90.34329,
                            23.808373
                        ],
                        [
                            90.343478,
                            23.808441
                        ],
                        [
                            90.34366,
                            23.808562
                        ],
                        [
                            90.343824,
                            23.808711
                        ],
                        [
                            90.343954,
                            23.808945
                        ]
                    ]
                ]
            },
            "properties": {
                "timestamp": "2021-02-21T23:21:16Z",
                "version": "4",
                "changeset": "99702972",
                "user": "rene78",
                "uid": "257555",
                "animal cage": "cage",
                "attraction": "animal",
                "tourism": "attraction",
                "id": "way/161900078"
            },
            "id": "way/161900078"
        },
        {
            "type": "Feature",
            "geometry": {
                "type": "Polygon",
                "coordinates": [
                    [
                        [
                            90.342378,
                            23.812432
                        ],
                        [
                            90.342282,
                            23.81306
                        ],
                        [
                            90.342124,
                            23.81304
                        ],
                        [
                            90.34222,
                            23.812411
                        ],
                        [
                            90.342378,
                            23.812432
                        ]
                    ]
                ]
            },
            "properties": {
                "timestamp": "2021-02-21T23:21:16Z",
                "version": "5",
                "changeset": "99702972",
                "user": "rene78",
                "uid": "257555",
                "animal cage": "cage",
                "attraction": "animal",
                "name": "জিরাফের খাঁচা",
                "name:bn": "জিরাফের খাঁচা",
                "name:en": "Giraffe Cage",
                "tourism": "attraction",
                "id": "way/161900110"
            },
            "id": "way/161900110"
        },
        {
            "type": "Feature",
            "geometry": {
                "type": "Polygon",
                "coordinates": [
                    [
                        [
                            90.342124,
                            23.81336
                        ],
                        [
                            90.34223,
                            23.813355
                        ],
                        [
                            90.342228,
                            23.813386
                        ],
                        [
                            90.34213,
                            23.813386
                        ],
                        [
                            90.342124,
                            23.81336
                        ]
                    ]
                ]
            },
            "properties": {
                "timestamp": "2021-02-21T23:21:16Z",
                "version": "5",
                "changeset": "99702972",
                "user": "rene78",
                "uid": "257555",
                "animal cage": "cage",
                "attraction": "animal",
                "name:bn": "নীলগাই খাঁচা",
                "name:en": "Nilgai cage",
                "tourism": "attraction",
                "id": "way/161901496"
            },
            "id": "way/161901496"
        },
        {
            "type": "Feature",
            "geometry": {
                "type": "Polygon",
                "coordinates": [
                    [
                        [
                            90.346558,
                            23.818253
                        ],
                        [
                            90.347027,
                            23.818218
                        ],
                        [
                            90.3471,
                            23.81904
                        ],
                        [
                            90.346631,
                            23.819075
                        ],
                        [
                            90.3466,
                            23.818729
                        ],
                        [
                            90.346673,
                            23.818724
                        ],
                        [
                            90.346658,
                            23.818558
                        ],
                        [
                            90.346586,
                            23.818563
                        ],
                        [
                            90.346558,
                            23.818253
                        ]
                    ]
                ]
            },
            "properties": {
                "timestamp": "2021-02-21T23:21:16Z",
                "version": "7",
                "changeset": "99702972",
                "user": "rene78",
                "uid": "257555",
                "attraction": "animal",
                "name": "কুমিরের খাঁচা",
                "name:bn": "কুমিরের খাঁচা",
                "name:en": "Crocodile Cage",
                "tourism": "attraction",
                "id": "way/161901519"
            },
            "id": "way/161901519"
        },
        {
            "type": "Feature",
            "geometry": {
                "type": "Polygon",
                "coordinates": [
                    [
                        [
                            90.347619,
                            23.806879
                        ],
                        [
                            90.347782,
                            23.80691
                        ],
                        [
                            90.347877,
                            23.806948
                        ],
                        [
                            90.347929,
                            23.806949
                        ],
                        [
                            90.348017,
                            23.806904
                        ],
                        [
                            90.348095,
                            23.806862
                        ],
                        [
                            90.348162,
                            23.806854
                        ],
                        [
                            90.34822,
                            23.806837
                        ],
                        [
                            90.348321,
                            23.806874
                        ],
                        [
                            90.348386,
                            23.806916
                        ],
                        [
                            90.348482,
                            23.807005
                        ],
                        [
                            90.34853,
                            23.807103
                        ],
                        [
                            90.348517,
                            23.807329
                        ],
                        [
                            90.348495,
                            23.807454
                        ],
                        [
                            90.348192,
                            23.807662
                        ],
                        [
                            90.347999,
                            23.80777
                        ],
                        [
                            90.34794,
                            23.80781
                        ],
                        [
                            90.34794,
                            23.807942
                        ],
                        [
                            90.347897,
                            23.808075
                        ],
                        [
                            90.347784,
                            23.808205
                        ],
                        [
                            90.347613,
                            23.808295
                        ],
                        [
                            90.347479,
                            23.808359
                        ],
                        [
                            90.347339,
                            23.808389
                        ],
                        [
                            90.347167,
                            23.808389
                        ],
                        [
                            90.347116,
                            23.808345
                        ],
                        [
                            90.347017,
                            23.808281
                        ],
                        [
                            90.346948,
                            23.808286
                        ],
                        [
                            90.346824,
                            23.808359
                        ],
                        [
                            90.346733,
                            23.808413
                        ],
                        [
                            90.346556,
                            23.808408
                        ],
                        [
                            90.346298,
                            23.808325
                        ],
                        [
                            90.346218,
                            23.808384
                        ],
                        [
                            90.346196,
                            23.808472
                        ],
                        [
                            90.346427,
                            23.808531
                        ],
                        [
                            90.346475,
                            23.808542
                        ],
                        [
                            90.346738,
                            23.8086
                        ],
                        [
                            90.347012,
                            23.808752
                        ],
                        [
                            90.347049,
                            23.808904
                        ],
                        [
                            90.347023,
                            23.808968
                        ],
                        [
                            90.346781,
                            23.809027
                        ],
                        [
                            90.34662,
                            23.809032
                        ],
                        [
                            90.346411,
                            23.809022
                        ],
                        [
                            90.346234,
                            23.809041
                        ],
                        [
                            90.345982,
                            23.809115
                        ],
                        [
                            90.345864,
                            23.809238
                        ],
                        [
                            90.345907,
                            23.809375
                        ],
                        [
                            90.346229,
                            23.809483
                        ],
                        [
                            90.346481,
                            23.809581
                        ],
                        [
                            90.346492,
                            23.809675
                        ],
                        [
                            90.346395,
                            23.809758
                        ],
                        [
                            90.346213,
                            23.809817
                        ],
                        [
                            90.345923,
                            23.809876
                        ],
                        [
                            90.34566,
                            23.809886
                        ],
                        [
                            90.345542,
                            23.810003
                        ],
                        [
                            90.345553,
                            23.810151
                        ],
                        [
                            90.345682,
                            23.81043
                        ],
                        [
                            90.345767,
                            23.810583
                        ],
                        [
                            90.34592,
                            23.81066
                        ],
                        [
                            90.345912,
                            23.810781
                        ],
                        [
                            90.345867,
                            23.81096
                        ],
                        [
                            90.345781,
                            23.811108
                        ],
                        [
                            90.345649,
                            23.811068
                        ],
                        [
                            90.345542,
                            23.810973
                        ],
                        [
                            90.345295,
                            23.810882
                        ],
                        [
                            90.345169,
                            23.810904
                        ],
                        [
                            90.345134,
                            23.810958
                        ],
                        [
                            90.345108,
                            23.811044
                        ],
                        [
                            90.345116,
                            23.81113
                        ],
                        [
                            90.345116,
                            23.811228
                        ],
                        [
                            90.345065,
                            23.811297
                        ],
                        [
                            90.344957,
                            23.811343
                        ],
                        [
                            90.344839,
                            23.811373
                        ],
                        [
                            90.344743,
                            23.811459
                        ],
                        [
                            90.34456,
                            23.811461
                        ],
                        [
                            90.34444,
                            23.811451
                        ],
                        [
                            90.344247,
                            23.811336
                        ],
                        [
                            90.344083,
                            23.811201
                        ],
                        [
                            90.344019,
                            23.811059
                        ],
                        [
                            90.343965,
                            23.810911
                        ],
                        [
                            90.343981,
                            23.810715
                        ],
                        [
                            90.344045,
                            23.810558
                        ],
                        [
                            90.344142,
                            23.810381
                        ],
                        [
                            90.344233,
                            23.810259
                        ],
                        [
                            90.344383,
                            23.810165
                        ],
                        [
                            90.344544,
                            23.810131
                        ],
                        [
                            90.344587,
                            23.809611
                        ],
                        [
                            90.344566,
                            23.809493
                        ],
                        [
                            90.344534,
                            23.809346
                        ],
                        [
                            90.34456,
                            23.809091
                        ],
                        [
                            90.344641,
                            23.809022
                        ],
                        [
                            90.344952,
                            23.80883
                        ],
                        [
                            90.344973,
                            23.808732
                        ],
                        [
                            90.34499,
                            23.808399
                        ],
                        [
                            90.344893,
                            23.808232
                        ],
                        [
                            90.344576,
                            23.807972
                        ],
                        [
                            90.344314,
                            23.807726
                        ],
                        [
                            90.343965,
                            23.807476
                        ],
                        [
                            90.343632,
                            23.807353
                        ],
                        [
                            90.343509,
                            23.80728
                        ],
                        [
                            90.343332,
                            23.807181
                        ],
                        [
                            90.343237,
                            23.807074
                        ],
                        [
                            90.343162,
                            23.80705
                        ],
                        [
                            90.342985,
                            23.806834
                        ],
                        [
                            90.342819,
                            23.806692
                        ],
                        [
                            90.342699,
                            23.806494
                        ],
                        [
                            90.342824,
                            23.806358
                        ],
                        [
                            90.34306,
                            23.806284
                        ],
                        [
                            90.343348,
                            23.806283
                        ],
                        [
                            90.344045,
                            23.806318
                        ],
                        [
                            90.344635,
                            23.806396
                        ],
                        [
                            90.34466,
                            23.806403
                        ],
                        [
                            90.344984,
                            23.806489
                        ],
                        [
                            90.345279,
                            23.806627
                        ],
                        [
                            90.345408,
                            23.806676
                        ],
                        [
                            90.345617,
                            23.806745
                        ],
                        [
                            90.345824,
                            23.806803
                        ],
                        [
                            90.345971,
                            23.806946
                        ],
                        [
                            90.346049,
                            23.807083
                        ],
                        [
                            90.346014,
                            23.807221
                        ],
                        [
                            90.34603,
                            23.807348
                        ],
                        [
                            90.346052,
                            23.807476
                        ],
                        [
                            90.346181,
                            23.807586
                        ],
                        [
                            90.346291,
                            23.807596
                        ],
                        [
                            90.346475,
                            23.807602
                        ],
                        [
                            90.346628,
                            23.807546
                        ],
                        [
                            90.346745,
                            23.807489
                        ],
                        [
                            90.346817,
                            23.80743
                        ],
                        [
                            90.346853,
                            23.807406
                        ],
                        [
                            90.346905,
                            23.807365
                        ],
                        [
                            90.346942,
                            23.807354
                        ],
                        [
                            90.347004,
                            23.807326
                        ],
                        [
                            90.347081,
                            23.807223
                        ],
                        [
                            90.347186,
                            23.807083
                        ],
                        [
                            90.347282,
                            23.806961
                        ],
                        [
                            90.347397,
                            23.806798
                        ],
                        [
                            90.347477,
                            23.806821
                        ],
                        [
                            90.347619,
                            23.806879
                        ]
                    ]
                ]
            },
            "properties": {
                "timestamp": "2026-06-25T16:01:06Z",
                "version": "8",
                "changeset": "184592574",
                "user": "Adil Mahmud",
                "uid": "24238564",
                "name": "চিড়িয়াখানা লেক",
                "name:en": "South Zoo Lake",
                "natural": "water",
                "water": "lake",
                "id": "way/162747473"
            },
            "id": "way/162747473"
        },
        {
            "type": "Feature",
            "geometry": {
                "type": "Polygon",
                "coordinates": [
                    [
                        [
                            90.343723,
                            23.811527
                        ],
                        [
                            90.343685,
                            23.811463
                        ],
                        [
                            90.343775,
                            23.811458
                        ],
                        [
                            90.343797,
                            23.811519
                        ],
                        [
                            90.343723,
                            23.811527
                        ]
                    ]
                ]
            },
            "properties": {
                "timestamp": "2026-01-26T11:35:55Z",
                "version": "5",
                "changeset": "177716265",
                "user": "Shafayat Ur Rahaman",
                "uid": "22257189",
                "fee": "yes",
                "name": "ginipig",
                "opening_hours": "Mo-Sa,PH 10:00-18:00",
                "tourism": "zoo",
                "id": "way/163104750"
            },
            "id": "way/163104750"
        },
        {
            "type": "Feature",
            "geometry": {
                "type": "Polygon",
                "coordinates": [
                    [
                        [
                            90.342364,
                            23.811325
                        ],
                        [
                            90.342391,
                            23.811342
                        ],
                        [
                            90.342384,
                            23.811356
                        ],
                        [
                            90.342356,
                            23.81134
                        ],
                        [
                            90.342364,
                            23.811325
                        ]
                    ]
                ]
            },
            "properties": {
                "timestamp": "2026-01-26T11:36:18Z",
                "version": "5",
                "changeset": "177716265",
                "user": "Shafayat Ur Rahaman",
                "uid": "22257189",
                "animal cage": "cage",
                "fee": "yes",
                "name": "orix cage",
                "opening_hours": "Mo-Sa,PH 10:00-18:00",
                "tourism": "zoo",
                "id": "way/163104754"
            },
            "id": "way/163104754"
        },
        {
            "type": "Feature",
            "geometry": {
                "type": "Polygon",
                "coordinates": [
                    [
                        [
                            90.344154,
                            23.81448
                        ],
                        [
                            90.34386,
                            23.814398
                        ],
                        [
                            90.343904,
                            23.814266
                        ],
                        [
                            90.344198,
                            23.814348
                        ],
                        [
                            90.344154,
                            23.81448
                        ]
                    ]
                ]
            },
            "properties": {
                "timestamp": "2021-02-21T23:21:16Z",
                "version": "4",
                "changeset": "99702972",
                "user": "rene78",
                "uid": "257555",
                "attraction": "animal",
                "name": "গাধার খাঁচা",
                "name:bn": "গাধার খাঁচা",
                "name:en": "Donkey cage",
                "tourism": "attraction",
                "id": "way/207545884"
            },
            "id": "way/207545884"
        },
        {
            "type": "Feature",
            "geometry": {
                "type": "Polygon",
                "coordinates": [
                    [
                        [
                            90.342898,
                            23.814045
                        ],
                        [
                            90.343256,
                            23.813814
                        ],
                        [
                            90.343763,
                            23.814164
                        ],
                        [
                            90.343425,
                            23.814379
                        ],
                        [
                            90.342898,
                            23.814045
                        ]
                    ]
                ]
            },
            "properties": {
                "timestamp": "2021-07-27T11:39:10Z",
                "version": "4",
                "changeset": "108686274",
                "user": "AmanBD",
                "uid": "509560",
                "attraction": "animal",
                "name": "পাখির খাঁচা",
                "name:bn": "পাখির খাঁচা",
                "name:en": "Birds Cage",
                "tourism": "attraction",
                "id": "way/207546840"
            },
            "id": "way/207546840"
        },
        {
            "type": "Feature",
            "geometry": {
                "type": "Polygon",
                "coordinates": [
                    [
                        [
                            90.342649,
                            23.813855
                        ],
                        [
                            90.342821,
                            23.813979
                        ],
                        [
                            90.342719,
                            23.814098
                        ],
                        [
                            90.342547,
                            23.813974
                        ],
                        [
                            90.342649,
                            23.813855
                        ]
                    ]
                ]
            },
            "properties": {
                "timestamp": "2021-02-21T23:21:16Z",
                "version": "5",
                "changeset": "99702972",
                "user": "rene78",
                "uid": "257555",
                "attraction": "animal",
                "name": "ভুটানি গরুর খাঁচা",
                "name:bn": "ভুটানি গরুর খাঁচা",
                "name:en": "Bhutani cow cage",
                "tourism": "attraction",
                "id": "way/207547072"
            },
            "id": "way/207547072"
        },
        {
            "type": "Feature",
            "geometry": {
                "type": "Polygon",
                "coordinates": [
                    [
                        [
                            90.342512,
                            23.813774
                        ],
                        [
                            90.342537,
                            23.81388
                        ],
                        [
                            90.342337,
                            23.813919
                        ],
                        [
                            90.342312,
                            23.813813
                        ],
                        [
                            90.342512,
                            23.813774
                        ]
                    ]
                ]
            },
            "properties": {
                "timestamp": "2021-07-27T11:39:10Z",
                "version": "4",
                "changeset": "108686274",
                "user": "AmanBD",
                "uid": "509560",
                "attraction": "animal",
                "name": "Water Buck Cage",
                "tourism": "attraction",
                "id": "way/207547191"
            },
            "id": "way/207547191"
        },
        {
            "type": "Feature",
            "geometry": {
                "type": "Polygon",
                "coordinates": [
                    [
                        [
                            90.342418,
                            23.813741
                        ],
                        [
                            90.342252,
                            23.813753
                        ],
                        [
                            90.342233,
                            23.813538
                        ],
                        [
                            90.3424,
                            23.813526
                        ],
                        [
                            90.342418,
                            23.813741
                        ]
                    ]
                ]
            },
            "properties": {
                "timestamp": "2021-07-27T11:39:10Z",
                "version": "4",
                "changeset": "108686274",
                "user": "AmanBD",
                "uid": "509560",
                "attraction": "animal",
                "name": "Deer Cage",
                "tourism": "attraction",
                "id": "way/207547234"
            },
            "id": "way/207547234"
        },
        {
            "type": "Feature",
            "geometry": {
                "type": "Polygon",
                "coordinates": [
                    [
                        [
                            90.343087,
                            23.810144
                        ],
                        [
                            90.343486,
                            23.810124
                        ],
                        [
                            90.343599,
                            23.811347
                        ],
                        [
                            90.343342,
                            23.811359
                        ],
                        [
                            90.343087,
                            23.810144
                        ]
                    ]
                ]
            },
            "properties": {
                "timestamp": "2021-02-21T23:21:16Z",
                "version": "3",
                "changeset": "99702972",
                "user": "rene78",
                "uid": "257555",
                "attraction": "animal",
                "name": "শকুনের খাঁচা",
                "name:bn": "শকুনের খাঁচা",
                "name:en": "Vulture Cage",
                "tourism": "attraction",
                "id": "way/207548172"
            },
            "id": "way/207548172"
        },
        {
            "type": "Feature",
            "geometry": {
                "type": "Polygon",
                "coordinates": [
                    [
                        [
                            90.343589,
                            23.81173
                        ],
                        [
                            90.342302,
                            23.811591
                        ],
                        [
                            90.342327,
                            23.811399
                        ],
                        [
                            90.343614,
                            23.811538
                        ],
                        [
                            90.343589,
                            23.81173
                        ]
                    ]
                ]
            },
            "properties": {
                "timestamp": "2021-02-21T23:21:16Z",
                "version": "2",
                "changeset": "99702972",
                "user": "rene78",
                "uid": "257555",
                "attraction": "animal",
                "name": "Estuarine Crocodile Cage",
                "tourism": "attraction",
                "id": "way/207548329"
            },
            "id": "way/207548329"
        },
        {
            "type": "Feature",
            "geometry": {
                "type": "Polygon",
                "coordinates": [
                    [
                        [
                            90.346996,
                            23.815491
                        ],
                        [
                            90.346945,
                            23.814241
                        ],
                        [
                            90.347346,
                            23.814184
                        ],
                        [
                            90.347598,
                            23.815523
                        ],
                        [
                            90.346996,
                            23.815491
                        ]
                    ]
                ]
            },
            "properties": {
                "timestamp": "2021-02-21T23:21:16Z",
                "version": "3",
                "changeset": "99702972",
                "user": "rene78",
                "uid": "257555",
                "attraction": "animal",
                "name": "Samber Deer Cage",
                "tourism": "attraction",
                "id": "way/207548952"
            },
            "id": "way/207548952"
        },
        {
            "type": "Feature",
            "geometry": {
                "type": "Polygon",
                "coordinates": [
                    [
                        [
                            90.344817,
                            23.815712
                        ],
                        [
                            90.344523,
                            23.815644
                        ],
                        [
                            90.3447,
                            23.815008
                        ],
                        [
                            90.344994,
                            23.815077
                        ],
                        [
                            90.344817,
                            23.815712
                        ]
                    ]
                ]
            },
            "properties": {
                "timestamp": "2021-07-27T11:39:10Z",
                "version": "5",
                "changeset": "108686274",
                "user": "AmanBD",
                "uid": "509560",
                "attraction": "animal",
                "name": "জলহস্তীর খাঁচা",
                "name:bn": "জলহস্তীর খাঁচা",
                "name:en": "Hippoptamous Cage",
                "tourism": "attraction",
                "id": "way/207549314"
            },
            "id": "way/207549314"
        },
        {
            "type": "Feature",
            "geometry": {
                "type": "Polygon",
                "coordinates": [
                    [
                        [
                            90.34656,
                            23.814271
                        ],
                        [
                            90.346569,
                            23.814084
                        ],
                        [
                            90.346683,
                            23.814082
                        ],
                        [
                            90.346702,
                            23.814274
                        ],
                        [
                            90.34656,
                            23.814271
                        ]
                    ]
                ]
            },
            "properties": {
                "timestamp": "2021-02-21T23:21:16Z",
                "version": "3",
                "changeset": "99702972",
                "user": "rene78",
                "uid": "257555",
                "attraction": "animal",
                "tourism": "attraction",
                "id": "way/207595135"
            },
            "id": "way/207595135"
        },
        {
            "type": "Feature",
            "geometry": {
                "type": "Polygon",
                "coordinates": [
                    [
                        [
                            90.342729,
                            23.816011
                        ],
                        [
                            90.342693,
                            23.815977
                        ],
                        [
                            90.34269,
                            23.815901
                        ],
                        [
                            90.342714,
                            23.815859
                        ],
                        [
                            90.34278,
                            23.815819
                        ],
                        [
                            90.342834,
                            23.815783
                        ],
                        [
                            90.342834,
                            23.815767
                        ],
                        [
                            90.342863,
                            23.815729
                        ],
                        [
                            90.342971,
                            23.815617
                        ],
                        [
                            90.343017,
                            23.815523
                        ],
                        [
                            90.343041,
                            23.815439
                        ],
                        [
                            90.343062,
                            23.815432
                        ],
                        [
                            90.343053,
                            23.815403
                        ],
                        [
                            90.343089,
                            23.815328
                        ],
                        [
                            90.343141,
                            23.815318
                        ],
                        [
                            90.343209,
                            23.814826
                        ],
                        [
                            90.343299,
                            23.814654
                        ],
                        [
                            90.343602,
                            23.814591
                        ],
                        [
                            90.343727,
                            23.814391
                        ],
                        [
                            90.344009,
                            23.814487
                        ],
                        [
                            90.344039,
                            23.814676
                        ],
                        [
                            90.343934,
                            23.81471
                        ],
                        [
                            90.343819,
                            23.814726
                        ],
                        [
                            90.343757,
                            23.814825
                        ],
                        [
                            90.343692,
                            23.814952
                        ],
                        [
                            90.343625,
                            23.815021
                        ],
                        [
                            90.34366,
                            23.815158
                        ],
                        [
                            90.343642,
                            23.815239
                        ],
                        [
                            90.343579,
                            23.81531
                        ],
                        [
                            90.3437,
                            23.815293
                        ],
                        [
                            90.343799,
                            23.815268
                        ],
                        [
                            90.343897,
                            23.815164
                        ],
                        [
                            90.343978,
                            23.815139
                        ],
                        [
                            90.344112,
                            23.815189
                        ],
                        [
                            90.344259,
                            23.815346
                        ],
                        [
                            90.344332,
                            23.815471
                        ],
                        [
                            90.344316,
                            23.815669
                        ],
                        [
                            90.344364,
                            23.815741
                        ],
                        [
                            90.344325,
                            23.815806
                        ],
                        [
                            90.344124,
                            23.81576
                        ],
                        [
                            90.344046,
                            23.81572
                        ],
                        [
                            90.343917,
                            23.815756
                        ],
                        [
                            90.343803,
                            23.815883
                        ],
                        [
                            90.343782,
                            23.816022
                        ],
                        [
                            90.34383,
                            23.81613
                        ],
                        [
                            90.343878,
                            23.816143
                        ],
                        [
                            90.343888,
                            23.816225
                        ],
                        [
                            90.343838,
                            23.816294
                        ],
                        [
                            90.343891,
                            23.816467
                        ],
                        [
                            90.343928,
                            23.816559
                        ],
                        [
                            90.34396,
                            23.816641
                        ],
                        [
                            90.344035,
                            23.816668
                        ],
                        [
                            90.344114,
                            23.816662
                        ],
                        [
                            90.344232,
                            23.816639
                        ],
                        [
                            90.344303,
                            23.816551
                        ],
                        [
                            90.344309,
                            23.816467
                        ],
                        [
                            90.344478,
                            23.816285
                        ],
                        [
                            90.344516,
                            23.816231
                        ],
                        [
                            90.34457,
                            23.816137
                        ],
                        [
                            90.344631,
                            23.816088
                        ],
                        [
                            90.344696,
                            23.815969
                        ],
                        [
                            90.344876,
                            23.816013
                        ],
                        [
                            90.344959,
                            23.816109
                        ],
                        [
                            90.344924,
                            23.816183
                        ],
                        [
                            90.344811,
                            23.816164
                        ],
                        [
                            90.344692,
                            23.81627
                        ],
                        [
                            90.344723,
                            23.816373
                        ],
                        [
                            90.344668,
                            23.816621
                        ],
                        [
                            90.344614,
                            23.81672
                        ],
                        [
                            90.344608,
                            23.816806
                        ],
                        [
                            90.344617,
                            23.816882
                        ],
                        [
                            90.344684,
                            23.816915
                        ],
                        [
                            90.344796,
                            23.816854
                        ],
                        [
                            90.344964,
                            23.816664
                        ],
                        [
                            90.345018,
                            23.816517
                        ],
                        [
                            90.345058,
                            23.8163
                        ],
                        [
                            90.345204,
                            23.816444
                        ],
                        [
                            90.345324,
                            23.816578
                        ],
                        [
                            90.34541,
                            23.816628
                        ],
                        [
                            90.3454,
                            23.816679
                        ],
                        [
                            90.345315,
                            23.816687
                        ],
                        [
                            90.345313,
                            23.816775
                        ],
                        [
                            90.345248,
                            23.816919
                        ],
                        [
                            90.345202,
                            23.81702
                        ],
                        [
                            90.345238,
                            23.817107
                        ],
                        [
                            90.345351,
                            23.817145
                        ],
                        [
                            90.345516,
                            23.817162
                        ],
                        [
                            90.3457,
                            23.817114
                        ],
                        [
                            90.345774,
                            23.817038
                        ],
                        [
                            90.345831,
                            23.817017
                        ],
                        [
                            90.345876,
                            23.817086
                        ],
                        [
                            90.345991,
                            23.817099
                        ],
                        [
                            90.346161,
                            23.817053
                        ],
                        [
                            90.34623,
                            23.816854
                        ],
                        [
                            90.346433,
                            23.8168
                        ],
                        [
                            90.346565,
                            23.816624
                        ],
                        [
                            90.346565,
                            23.816402
                        ],
                        [
                            90.346593,
                            23.816261
                        ],
                        [
                            90.346712,
                            23.816054
                        ],
                        [
                            90.346831,
                            23.815884
                        ],
                        [
                            90.346916,
                            23.815909
                        ],
                        [
                            90.34701,
                            23.816007
                        ],
                        [
                            90.347126,
                            23.816215
                        ],
                        [
                            90.347187,
                            23.816431
                        ],
                        [
                            90.347221,
                            23.816759
                        ],
                        [
                            90.347243,
                            23.816989
                        ],
                        [
                            90.347248,
                            23.817318
                        ],
                        [
                            90.347234,
                            23.817684
                        ],
                        [
                            90.347219,
                            23.817938
                        ],
                        [
                            90.347176,
                            23.818028
                        ],
                        [
                            90.347076,
                            23.818053
                        ],
                        [
                            90.346668,
                            23.818105
                        ],
                        [
                            90.346428,
                            23.818022
                        ],
                        [
                            90.346279,
                            23.817921
                        ],
                        [
                            90.346063,
                            23.817909
                        ],
                        [
                            90.34598,
                            23.817967
                        ],
                        [
                            90.345873,
                            23.81812
                        ],
                        [
                            90.34561,
                            23.818112
                        ],
                        [
                            90.345484,
                            23.818066
                        ],
                        [
                            90.345287,
                            23.818085
                        ],
                        [
                            90.345241,
                            23.818124
                        ],
                        [
                            90.344907,
                            23.818084
                        ],
                        [
                            90.344724,
                            23.817982
                        ],
                        [
                            90.344658,
                            23.817743
                        ],
                        [
                            90.344496,
                            23.8177
                        ],
                        [
                            90.344296,
                            23.817894
                        ],
                        [
                            90.344185,
                            23.817988
                        ],
                        [
                            90.343984,
                            23.817917
                        ],
                        [
                            90.343877,
                            23.817808
                        ],
                        [
                            90.343944,
                            23.817601
                        ],
                        [
                            90.343844,
                            23.817555
                        ],
                        [
                            90.343551,
                            23.817599
                        ],
                        [
                            90.343325,
                            23.817601
                        ],
                        [
                            90.343237,
                            23.817578
                        ],
                        [
                            90.343185,
                            23.817526
                        ],
                        [
                            90.343149,
                            23.817369
                        ],
                        [
                            90.343111,
                            23.817043
                        ],
                        [
                            90.34308,
                            23.816896
                        ],
                        [
                            90.342879,
                            23.81671
                        ],
                        [
                            90.342722,
                            23.816524
                        ],
                        [
                            90.342697,
                            23.816361
                        ],
                        [
                            90.342729,
                            23.816011
                        ]
                    ]
                ]
            },
            "properties": {
                "timestamp": "2024-08-04T12:02:03Z",
                "version": "4",
                "changeset": "154809048",
                "user": "AmanBD",
                "uid": "509560",
                "name": "উত্তর লেক",
                "name:en": "North Lake",
                "natural": "water",
                "water": "pond",
                "id": "way/446761422"
            },
            "id": "way/446761422"
        },
        {
            "type": "Feature",
            "geometry": {
                "type": "Polygon",
                "coordinates": [
                    [
                        [
                            90.345675,
                            23.812014
                        ],
                        [
                            90.345811,
                            23.812009
                        ],
                        [
                            90.345813,
                            23.812076
                        ],
                        [
                            90.345677,
                            23.812081
                        ],
                        [
                            90.345675,
                            23.812014
                        ]
                    ]
                ]
            },
            "properties": {
                "timestamp": "2021-05-26T11:23:16Z",
                "version": "2",
                "changeset": "105353276",
                "user": "Aspen Rice",
                "uid": "13293928",
                "building": "house",
                "id": "way/447954054"
            },
            "id": "way/447954054"
        },
        {
            "type": "Feature",
            "geometry": {
                "type": "Polygon",
                "coordinates": [
                    [
                        [
                            90.345799,
                            23.811947
                        ],
                        [
                            90.345794,
                            23.811785
                        ],
                        [
                            90.346068,
                            23.811776
                        ],
                        [
                            90.346089,
                            23.811776
                        ],
                        [
                            90.346094,
                            23.811938
                        ],
                        [
                            90.345799,
                            23.811947
                        ]
                    ]
                ]
            },
            "properties": {
                "timestamp": "2021-05-26T11:23:16Z",
                "version": "2",
                "changeset": "105353276",
                "user": "Aspen Rice",
                "uid": "13293928",
                "building": "house",
                "id": "way/447954062"
            },
            "id": "way/447954062"
        },
        {
            "type": "Feature",
            "geometry": {
                "type": "Polygon",
                "coordinates": [
                    [
                        [
                            90.34548,
                            23.812272
                        ],
                        [
                            90.345467,
                            23.812019
                        ],
                        [
                            90.345608,
                            23.812011
                        ],
                        [
                            90.345621,
                            23.812265
                        ],
                        [
                            90.34548,
                            23.812272
                        ]
                    ]
                ]
            },
            "properties": {
                "timestamp": "2021-05-26T11:23:16Z",
                "version": "2",
                "changeset": "105353276",
                "user": "Aspen Rice",
                "uid": "13293928",
                "building": "house",
                "id": "way/447954065"
            },
            "id": "way/447954065"
        },
        {
            "type": "Feature",
            "geometry": {
                "type": "Polygon",
                "coordinates": [
                    [
                        [
                            90.345453,
                            23.811964
                        ],
                        [
                            90.345448,
                            23.811802
                        ],
                        [
                            90.345788,
                            23.811791
                        ],
                        [
                            90.345793,
                            23.811953
                        ],
                        [
                            90.345453,
                            23.811964
                        ]
                    ]
                ]
            },
            "properties": {
                "timestamp": "2021-05-26T11:23:16Z",
                "version": "2",
                "changeset": "105353276",
                "user": "Aspen Rice",
                "uid": "13293928",
                "building": "house",
                "id": "way/447954066"
            },
            "id": "way/447954066"
        },
        {
            "type": "Feature",
            "geometry": {
                "type": "Polygon",
                "coordinates": [
                    [
                        [
                            90.342502,
                            23.815437
                        ],
                        [
                            90.342486,
                            23.815316
                        ],
                        [
                            90.342536,
                            23.815309
                        ],
                        [
                            90.342553,
                            23.81543
                        ],
                        [
                            90.342502,
                            23.815437
                        ]
                    ]
                ]
            },
            "properties": {
                "timestamp": "2016-10-16T08:43:48Z",
                "version": "1",
                "changeset": "42931644",
                "user": "mmahmud",
                "uid": "3217737",
                "building": "yes",
                "id": "way/447957328"
            },
            "id": "way/447957328"
        },
        {
            "type": "Feature",
            "geometry": {
                "type": "Polygon",
                "coordinates": [
                    [
                        [
                            90.342572,
                            23.815294
                        ],
                        [
                            90.342485,
                            23.815308
                        ],
                        [
                            90.342459,
                            23.815147
                        ],
                        [
                            90.342546,
                            23.815133
                        ],
                        [
                            90.342572,
                            23.815294
                        ]
                    ]
                ]
            },
            "properties": {
                "timestamp": "2016-10-16T08:43:48Z",
                "version": "1",
                "changeset": "42931644",
                "user": "mmahmud",
                "uid": "3217737",
                "building": "yes",
                "id": "way/447957329"
            },
            "id": "way/447957329"
        },
        {
            "type": "Feature",
            "geometry": {
                "type": "Polygon",
                "coordinates": [
                    [
                        [
                            90.344115,
                            23.81595
                        ],
                        [
                            90.344173,
                            23.815891
                        ],
                        [
                            90.344249,
                            23.815953
                        ],
                        [
                            90.344191,
                            23.816012
                        ],
                        [
                            90.344115,
                            23.81595
                        ]
                    ]
                ]
            },
            "properties": {
                "timestamp": "2018-06-03T07:29:44Z",
                "version": "1",
                "changeset": "59500813",
                "user": "Nodia",
                "uid": "6929194",
                "building": "yes",
                "id": "way/593280288"
            },
            "id": "way/593280288"
        },
        {
            "type": "Feature",
            "geometry": {
                "type": "Polygon",
                "coordinates": [
                    [
                        [
                            90.347543,
                            23.815886
                        ],
                        [
                            90.347516,
                            23.815662
                        ],
                        [
                            90.347624,
                            23.815651
                        ],
                        [
                            90.347651,
                            23.815874
                        ],
                        [
                            90.347543,
                            23.815886
                        ]
                    ]
                ]
            },
            "properties": {
                "timestamp": "2018-06-03T07:29:44Z",
                "version": "1",
                "changeset": "59500813",
                "user": "Nodia",
                "uid": "6929194",
                "building": "yes",
                "id": "way/593280289"
            },
            "id": "way/593280289"
        },
        {
            "type": "Feature",
            "geometry": {
                "type": "Polygon",
                "coordinates": [
                    [
                        [
                            90.347087,
                            23.81866
                        ],
                        [
                            90.347083,
                            23.81857
                        ],
                        [
                            90.347151,
                            23.818568
                        ],
                        [
                            90.347155,
                            23.818658
                        ],
                        [
                            90.347087,
                            23.81866
                        ]
                    ]
                ]
            },
            "properties": {
                "timestamp": "2018-06-03T07:29:44Z",
                "version": "1",
                "changeset": "59500813",
                "user": "Nodia",
                "uid": "6929194",
                "building": "yes",
                "id": "way/593280291"
            },
            "id": "way/593280291"
        },
        {
            "type": "Feature",
            "geometry": {
                "type": "Polygon",
                "coordinates": [
                    [
                        [
                            90.346588,
                            23.81872
                        ],
                        [
                            90.346578,
                            23.818571
                        ],
                        [
                            90.346656,
                            23.818567
                        ],
                        [
                            90.346666,
                            23.818715
                        ],
                        [
                            90.346588,
                            23.81872
                        ]
                    ]
                ]
            },
            "properties": {
                "timestamp": "2018-06-03T07:29:44Z",
                "version": "1",
                "changeset": "59500813",
                "user": "Nodia",
                "uid": "6929194",
                "building": "yes",
                "id": "way/593280292"
            },
            "id": "way/593280292"
        },
        {
            "type": "Feature",
            "geometry": {
                "type": "Polygon",
                "coordinates": [
                    [
                        [
                            90.342955,
                            23.818105
                        ],
                        [
                            90.342954,
                            23.818067
                        ],
                        [
                            90.342996,
                            23.818066
                        ],
                        [
                            90.342997,
                            23.818104
                        ],
                        [
                            90.342955,
                            23.818105
                        ]
                    ]
                ]
            },
            "properties": {
                "timestamp": "2018-06-03T08:00:35Z",
                "version": "1",
                "changeset": "59501408",
                "user": "Nodia",
                "uid": "6929194",
                "building": "yes",
                "id": "way/593295626"
            },
            "id": "way/593295626"
        },
        {
            "type": "Feature",
            "geometry": {
                "type": "Polygon",
                "coordinates": [
                    [
                        [
                            90.346071,
                            23.815656
                        ],
                        [
                            90.346073,
                            23.815604
                        ],
                        [
                            90.346111,
                            23.815605
                        ],
                        [
                            90.346109,
                            23.815657
                        ],
                        [
                            90.346071,
                            23.815656
                        ]
                    ]
                ]
            },
            "properties": {
                "timestamp": "2018-06-03T08:23:54Z",
                "version": "1",
                "changeset": "59501863",
                "user": "Nodia",
                "uid": "6929194",
                "building": "yes",
                "id": "way/593304158"
            },
            "id": "way/593304158"
        },
        {
            "type": "Feature",
            "geometry": {
                "type": "Polygon",
                "coordinates": [
                    [
                        [
                            90.346034,
                            23.815707
                        ],
                        [
                            90.346039,
                            23.815659
                        ],
                        [
                            90.346088,
                            23.815663
                        ],
                        [
                            90.346083,
                            23.815711
                        ],
                        [
                            90.346034,
                            23.815707
                        ]
                    ]
                ]
            },
            "properties": {
                "timestamp": "2018-06-03T08:23:54Z",
                "version": "1",
                "changeset": "59501863",
                "user": "Nodia",
                "uid": "6929194",
                "building": "yes",
                "id": "way/593304159"
            },
            "id": "way/593304159"
        },
        {
            "type": "Feature",
            "geometry": {
                "type": "Polygon",
                "coordinates": [
                    [
                        [
                            90.345612,
                            23.815586
                        ],
                        [
                            90.345549,
                            23.81552
                        ],
                        [
                            90.345659,
                            23.815432
                        ],
                        [
                            90.345722,
                            23.815497
                        ],
                        [
                            90.345612,
                            23.815586
                        ]
                    ]
                ]
            },
            "properties": {
                "timestamp": "2018-06-03T08:23:54Z",
                "version": "1",
                "changeset": "59501863",
                "user": "Nodia",
                "uid": "6929194",
                "building": "yes",
                "id": "way/593304160"
            },
            "id": "way/593304160"
        },
        {
            "type": "Feature",
            "geometry": {
                "type": "Polygon",
                "coordinates": [
                    [
                        [
                            90.345754,
                            23.815641
                        ],
                        [
                            90.345735,
                            23.815488
                        ],
                        [
                            90.345827,
                            23.815479
                        ],
                        [
                            90.345845,
                            23.815632
                        ],
                        [
                            90.345754,
                            23.815641
                        ]
                    ]
                ]
            },
            "properties": {
                "timestamp": "2018-06-03T08:23:54Z",
                "version": "1",
                "changeset": "59501863",
                "user": "Nodia",
                "uid": "6929194",
                "building": "yes",
                "id": "way/593304161"
            },
            "id": "way/593304161"
        },
        {
            "type": "Feature",
            "geometry": {
                "type": "Polygon",
                "coordinates": [
                    [
                        [
                            90.346127,
                            23.815833
                        ],
                        [
                            90.34615,
                            23.815785
                        ],
                        [
                            90.346181,
                            23.815798
                        ],
                        [
                            90.346158,
                            23.815846
                        ],
                        [
                            90.346127,
                            23.815833
                        ]
                    ]
                ]
            },
            "properties": {
                "timestamp": "2018-06-03T08:32:31Z",
                "version": "1",
                "changeset": "59502072",
                "user": "Nodia",
                "uid": "6929194",
                "building": "yes",
                "id": "way/593309807"
            },
            "id": "way/593309807"
        },
        {
            "type": "Feature",
            "geometry": {
                "type": "Polygon",
                "coordinates": [
                    [
                        [
                            90.346055,
                            23.815941
                        ],
                        [
                            90.346024,
                            23.815923
                        ],
                        [
                            90.346047,
                            23.815889
                        ],
                        [
                            90.346079,
                            23.815907
                        ],
                        [
                            90.346055,
                            23.815941
                        ]
                    ]
                ]
            },
            "properties": {
                "timestamp": "2018-06-03T08:32:31Z",
                "version": "1",
                "changeset": "59502072",
                "user": "Nodia",
                "uid": "6929194",
                "building": "yes",
                "id": "way/593309808"
            },
            "id": "way/593309808"
        },
        {
            "type": "Feature",
            "geometry": {
                "type": "Polygon",
                "coordinates": [
                    [
                        [
                            90.345982,
                            23.815784
                        ],
                        [
                            90.345983,
                            23.815739
                        ],
                        [
                            90.346037,
                            23.81574
                        ],
                        [
                            90.346036,
                            23.815786
                        ],
                        [
                            90.345982,
                            23.815784
                        ]
                    ]
                ]
            },
            "properties": {
                "timestamp": "2018-06-03T08:32:31Z",
                "version": "1",
                "changeset": "59502072",
                "user": "Nodia",
                "uid": "6929194",
                "building": "yes",
                "id": "way/593309809"
            },
            "id": "way/593309809"
        },
        {
            "type": "Feature",
            "geometry": {
                "type": "Polygon",
                "coordinates": [
                    [
                        [
                            90.345973,
                            23.815863
                        ],
                        [
                            90.345978,
                            23.815798
                        ],
                        [
                            90.346018,
                            23.815801
                        ],
                        [
                            90.346013,
                            23.815866
                        ],
                        [
                            90.345973,
                            23.815863
                        ]
                    ]
                ]
            },
            "properties": {
                "timestamp": "2018-06-03T08:32:31Z",
                "version": "1",
                "changeset": "59502072",
                "user": "Nodia",
                "uid": "6929194",
                "building": "yes",
                "id": "way/593309810"
            },
            "id": "way/593309810"
        },
        {
            "type": "Feature",
            "geometry": {
                "type": "Polygon",
                "coordinates": [
                    [
                        [
                            90.34566,
                            23.815606
                        ],
                        [
                            90.345665,
                            23.815549
                        ],
                        [
                            90.345736,
                            23.815553
                        ],
                        [
                            90.345731,
                            23.815611
                        ],
                        [
                            90.34566,
                            23.815606
                        ]
                    ]
                ]
            },
            "properties": {
                "timestamp": "2018-06-03T08:32:31Z",
                "version": "1",
                "changeset": "59502072",
                "user": "Nodia",
                "uid": "6929194",
                "building": "yes",
                "id": "way/593309811"
            },
            "id": "way/593309811"
        },
        {
            "type": "Feature",
            "geometry": {
                "type": "Polygon",
                "coordinates": [
                    [
                        [
                            90.345603,
                            23.815668
                        ],
                        [
                            90.345616,
                            23.815616
                        ],
                        [
                            90.345759,
                            23.815648
                        ],
                        [
                            90.345745,
                            23.8157
                        ],
                        [
                            90.345603,
                            23.815668
                        ]
                    ]
                ]
            },
            "properties": {
                "timestamp": "2018-06-03T08:32:31Z",
                "version": "1",
                "changeset": "59502072",
                "user": "Nodia",
                "uid": "6929194",
                "building": "yes",
                "id": "way/593309812"
            },
            "id": "way/593309812"
        },
        {
            "type": "Feature",
            "geometry": {
                "type": "Polygon",
                "coordinates": [
                    [
                        [
                            90.34283,
                            23.815159
                        ],
                        [
                            90.342834,
                            23.815098
                        ],
                        [
                            90.342925,
                            23.815103
                        ],
                        [
                            90.342921,
                            23.815165
                        ],
                        [
                            90.34283,
                            23.815159
                        ]
                    ]
                ]
            },
            "properties": {
                "timestamp": "2021-05-18T17:07:38Z",
                "version": "1",
                "changeset": "104905192",
                "user": "Jocelyn Aguirre",
                "uid": "13293778",
                "building": "yes",
                "id": "way/944333722"
            },
            "id": "way/944333722"
        },
        {
            "type": "Feature",
            "geometry": {
                "type": "Polygon",
                "coordinates": [
                    [
                        [
                            90.343065,
                            23.815107
                        ],
                        [
                            90.343061,
                            23.815056
                        ],
                        [
                            90.34315,
                            23.815051
                        ],
                        [
                            90.343154,
                            23.815102
                        ],
                        [
                            90.343065,
                            23.815107
                        ]
                    ]
                ]
            },
            "properties": {
                "timestamp": "2021-05-18T17:07:38Z",
                "version": "1",
                "changeset": "104905192",
                "user": "Jocelyn Aguirre",
                "uid": "13293778",
                "building": "yes",
                "id": "way/944333723"
            },
            "id": "way/944333723"
        },
        {
            "type": "Feature",
            "geometry": {
                "type": "Polygon",
                "coordinates": [
                    [
                        [
                            90.345784,
                            23.811511
                        ],
                        [
                            90.345811,
                            23.811445
                        ],
                        [
                            90.345862,
                            23.811462
                        ],
                        [
                            90.345835,
                            23.811526
                        ],
                        [
                            90.345784,
                            23.811511
                        ]
                    ]
                ]
            },
            "properties": {
                "timestamp": "2021-05-26T11:23:16Z",
                "version": "1",
                "changeset": "105353276",
                "user": "Aspen Rice",
                "uid": "13293928",
                "building": "house",
                "id": "way/947222695"
            },
            "id": "way/947222695"
        },
        {
            "type": "Feature",
            "geometry": {
                "type": "Polygon",
                "coordinates": [
                    [
                        [
                            90.345249,
                            23.811726
                        ],
                        [
                            90.345249,
                            23.811648
                        ],
                        [
                            90.34532,
                            23.81165
                        ],
                        [
                            90.345314,
                            23.811727
                        ],
                        [
                            90.345249,
                            23.811726
                        ]
                    ]
                ]
            },
            "properties": {
                "timestamp": "2021-05-26T11:23:16Z",
                "version": "1",
                "changeset": "105353276",
                "user": "Aspen Rice",
                "uid": "13293928",
                "building": "yes",
                "id": "way/947222697"
            },
            "id": "way/947222697"
        },
        {
            "type": "Feature",
            "geometry": {
                "type": "Polygon",
                "coordinates": [
                    [
                        [
                            90.344914,
                            23.811683
                        ],
                        [
                            90.344906,
                            23.811538
                        ],
                        [
                            90.34504,
                            23.811537
                        ],
                        [
                            90.345035,
                            23.811688
                        ],
                        [
                            90.344914,
                            23.811683
                        ]
                    ]
                ]
            },
            "properties": {
                "timestamp": "2021-05-26T11:23:16Z",
                "version": "1",
                "changeset": "105353276",
                "user": "Aspen Rice",
                "uid": "13293928",
                "building": "yes",
                "id": "way/947222698"
            },
            "id": "way/947222698"
        },
        {
            "type": "Feature",
            "geometry": {
                "type": "Polygon",
                "coordinates": [
                    [
                        [
                            90.347225,
                            23.812728
                        ],
                        [
                            90.347254,
                            23.812688
                        ],
                        [
                            90.347222,
                            23.812917
                        ],
                        [
                            90.347318,
                            23.813513
                        ],
                        [
                            90.347293,
                            23.81355
                        ],
                        [
                            90.347406,
                            23.814201
                        ],
                        [
                            90.347476,
                            23.814611
                        ],
                        [
                            90.347601,
                            23.815344
                        ],
                        [
                            90.34767,
                            23.815754
                        ],
                        [
                            90.347759,
                            23.816275
                        ],
                        [
                            90.348013,
                            23.817611
                        ],
                        [
                            90.348119,
                            23.818129
                        ],
                        [
                            90.348172,
                            23.818242
                        ],
                        [
                            90.348205,
                            23.818392
                        ],
                        [
                            90.348224,
                            23.818544
                        ],
                        [
                            90.348222,
                            23.818624
                        ],
                        [
                            90.348311,
                            23.819165
                        ],
                        [
                            90.347565,
                            23.819171
                        ],
                        [
                            90.34635,
                            23.819235
                        ],
                        [
                            90.345318,
                            23.819026
                        ],
                        [
                            90.342901,
                            23.81852
                        ],
                        [
                            90.342929,
                            23.817821
                        ],
                        [
                            90.342955,
                            23.817674
                        ],
                        [
                            90.342971,
                            23.817021
                        ],
                        [
                            90.342751,
                            23.816766
                        ],
                        [
                            90.342532,
                            23.816483
                        ],
                        [
                            90.342412,
                            23.816214
                        ],
                        [
                            90.342292,
                            23.815818
                        ],
                        [
                            90.342393,
                            23.815522
                        ],
                        [
                            90.342139,
                            23.814519
                        ],
                        [
                            90.341875,
                            23.813518
                        ],
                        [
                            90.341821,
                            23.813253
                        ],
                        [
                            90.341826,
                            23.812449
                        ],
                        [
                            90.341807,
                            23.811637
                        ],
                        [
                            90.341875,
                            23.811125
                        ],
                        [
                            90.341814,
                            23.811095
                        ],
                        [
                            90.341832,
                            23.81082
                        ],
                        [
                            90.341888,
                            23.810299
                        ],
                        [
                            90.341895,
                            23.80969
                        ],
                        [
                            90.341826,
                            23.808978
                        ],
                        [
                            90.341952,
                            23.808047
                        ],
                        [
                            90.342038,
                            23.808007
                        ],
                        [
                            90.342555,
                            23.808017
                        ],
                        [
                            90.343099,
                            23.807995
                        ],
                        [
                            90.343108,
                            23.807266
                        ],
                        [
                            90.343237,
                            23.807074
                        ],
                        [
                            90.343162,
                            23.80705
                        ],
                        [
                            90.342985,
                            23.806834
                        ],
                        [
                            90.342819,
                            23.806692
                        ],
                        [
                            90.342637,
                            23.806538
                        ],
                        [
                            90.342664,
                            23.806458
                        ],
                        [
                            90.342824,
                            23.806358
                        ],
                        [
                            90.34306,
                            23.806284
                        ],
                        [
                            90.343284,
                            23.806261
                        ],
                        [
                            90.343699,
                            23.80628
                        ],
                        [
                            90.344045,
                            23.806318
                        ],
                        [
                            90.34466,
                            23.806403
                        ],
                        [
                            90.345046,
                            23.806455
                        ],
                        [
                            90.345354,
                            23.806585
                        ],
                        [
                            90.345459,
                            23.806615
                        ],
                        [
                            90.345719,
                            23.806695
                        ],
                        [
                            90.345896,
                            23.806749
                        ],
                        [
                            90.346127,
                            23.807083
                        ],
                        [
                            90.346116,
                            23.80723
                        ],
                        [
                            90.346063,
                            23.807318
                        ],
                        [
                            90.346105,
                            23.807466
                        ],
                        [
                            90.346283,
                            23.807569
                        ],
                        [
                            90.346465,
                            23.807565
                        ],
                        [
                            90.346711,
                            23.807477
                        ],
                        [
                            90.346895,
                            23.807336
                        ],
                        [
                            90.34699,
                            23.807291
                        ],
                        [
                            90.347397,
                            23.806798
                        ],
                        [
                            90.347591,
                            23.806657
                        ],
                        [
                            90.348035,
                            23.806798
                        ],
                        [
                            90.348253,
                            23.80679
                        ],
                        [
                            90.348425,
                            23.806766
                        ],
                        [
                            90.348737,
                            23.807027
                        ],
                        [
                            90.348605,
                            23.807466
                        ],
                        [
                            90.348012,
                            23.80779
                        ],
                        [
                            90.348006,
                            23.807964
                        ],
                        [
                            90.347949,
                            23.80812
                        ],
                        [
                            90.347849,
                            23.808241
                        ],
                        [
                            90.347344,
                            23.808472
                        ],
                        [
                            90.347167,
                            23.808403
                        ],
                        [
                            90.347007,
                            23.808307
                        ],
                        [
                            90.346948,
                            23.808286
                        ],
                        [
                            90.346733,
                            23.808413
                        ],
                        [
                            90.346556,
                            23.808408
                        ],
                        [
                            90.346298,
                            23.808325
                        ],
                        [
                            90.346196,
                            23.808472
                        ],
                        [
                            90.346738,
                            23.8086
                        ],
                        [
                            90.347012,
                            23.808752
                        ],
                        [
                            90.347023,
                            23.808968
                        ],
                        [
                            90.346781,
                            23.809027
                        ],
                        [
                            90.346411,
                            23.809022
                        ],
                        [
                            90.345982,
                            23.809115
                        ],
                        [
                            90.345864,
                            23.809238
                        ],
                        [
                            90.345907,
                            23.809375
                        ],
                        [
                            90.346504,
                            23.809503
                        ],
                        [
                            90.346548,
                            23.809547
                        ],
                        [
                            90.34654,
                            23.809646
                        ],
                        [
                            90.346518,
                            23.80973
                        ],
                        [
                            90.346427,
                            23.809795
                        ],
                        [
                            90.345676,
                            23.809908
                        ],
                        [
                            90.345639,
                            23.810141
                        ],
                        [
                            90.345791,
                            23.810565
                        ],
                        [
                            90.346756,
                            23.810794
                        ],
                        [
                            90.346686,
                            23.811243
                        ],
                        [
                            90.346968,
                            23.811489
                        ],
                        [
                            90.346947,
                            23.811695
                        ],
                        [
                            90.347118,
                            23.811764
                        ],
                        [
                            90.347096,
                            23.811973
                        ],
                        [
                            90.347073,
                            23.81213
                        ],
                        [
                            90.347045,
                            23.812301
                        ],
                        [
                            90.346979,
                            23.812377
                        ],
                        [
                            90.346991,
                            23.812549
                        ],
                        [
                            90.347225,
                            23.812728
                        ]
                    ]
                ]
            },
            "properties": {
                "timestamp": "2025-10-11T17:28:45Z",
                "version": "7",
                "changeset": "173148161",
                "user": "Sawan Shariar",
                "uid": "2913188",
                "fee": "yes",
                "name": "জাতীয় চিড়িয়াখানা",
                "name:bn": "জাতীয় চিড়িয়াখানা",
                "name:en": "National Zoo",
                "opening_hours": "Mo-Sa,PH 08:00-17:00",
                "tourism": "zoo",
                "zoo": "enclosure",
                "id": "way/987024670"
            },
            "id": "way/987024670"
        },
        {
            "type": "Feature",
            "geometry": {
                "type": "Polygon",
                "coordinates": [
                    [
                        [
                            90.345291,
                            23.812338
                        ],
                        [
                            90.345278,
                            23.812128
                        ],
                        [
                            90.345439,
                            23.81212
                        ],
                        [
                            90.345452,
                            23.81233
                        ],
                        [
                            90.345291,
                            23.812338
                        ]
                    ]
                ]
            },
            "properties": {
                "timestamp": "2022-02-21T14:56:09Z",
                "version": "1",
                "changeset": "117685797",
                "user": "Thompson Amoah",
                "uid": "8885025",
                "building": "yes",
                "id": "way/1033858864"
            },
            "id": "way/1033858864"
        },
        {
            "type": "Feature",
            "geometry": {
                "type": "Polygon",
                "coordinates": [
                    [
                        [
                            90.343916,
                            23.812599
                        ],
                        [
                            90.343983,
                            23.812557
                        ],
                        [
                            90.34404,
                            23.812632
                        ],
                        [
                            90.343973,
                            23.812675
                        ],
                        [
                            90.343916,
                            23.812599
                        ]
                    ]
                ]
            },
            "properties": {
                "timestamp": "2022-02-21T15:02:49Z",
                "version": "1",
                "changeset": "117686038",
                "user": "Thompson Amoah",
                "uid": "8885025",
                "building": "yes",
                "id": "way/1033860675"
            },
            "id": "way/1033860675"
        },
        {
            "type": "Feature",
            "geometry": {
                "type": "Polygon",
                "coordinates": [
                    [
                        [
                            90.343479,
                            23.812245
                        ],
                        [
                            90.343511,
                            23.812203
                        ],
                        [
                            90.343583,
                            23.81225
                        ],
                        [
                            90.34355,
                            23.812292
                        ],
                        [
                            90.343479,
                            23.812245
                        ]
                    ]
                ]
            },
            "properties": {
                "timestamp": "2022-02-21T15:04:33Z",
                "version": "1",
                "changeset": "117686104",
                "user": "Thompson Amoah",
                "uid": "8885025",
                "building": "yes",
                "id": "way/1033861189"
            },
            "id": "way/1033861189"
        },
        {
            "type": "Feature",
            "geometry": {
                "type": "Polygon",
                "coordinates": [
                    [
                        [
                            90.343696,
                            23.812373
                        ],
                        [
                            90.343759,
                            23.812307
                        ],
                        [
                            90.343797,
                            23.812337
                        ],
                        [
                            90.343734,
                            23.812403
                        ],
                        [
                            90.343696,
                            23.812373
                        ]
                    ]
                ]
            },
            "properties": {
                "timestamp": "2022-02-21T15:05:20Z",
                "version": "1",
                "changeset": "117686128",
                "user": "Thompson Amoah",
                "uid": "8885025",
                "building": "yes",
                "id": "way/1033861270"
            },
            "id": "way/1033861270"
        },
        {
            "type": "Feature",
            "geometry": {
                "type": "Polygon",
                "coordinates": [
                    [
                        [
                            90.343448,
                            23.81086
                        ],
                        [
                            90.343393,
                            23.810808
                        ],
                        [
                            90.343434,
                            23.810772
                        ],
                        [
                            90.343489,
                            23.810824
                        ],
                        [
                            90.343448,
                            23.81086
                        ]
                    ]
                ]
            },
            "properties": {
                "timestamp": "2022-02-21T15:09:30Z",
                "version": "1",
                "changeset": "117686325",
                "user": "Thompson Amoah",
                "uid": "8885025",
                "building": "yes",
                "id": "way/1033862686"
            },
            "id": "way/1033862686"
        },
        {
            "type": "Feature",
            "geometry": {
                "type": "Polygon",
                "coordinates": [
                    [
                        [
                            90.345891,
                            23.812339
                        ],
                        [
                            90.345981,
                            23.812336
                        ],
                        [
                            90.345983,
                            23.812384
                        ],
                        [
                            90.345893,
                            23.812387
                        ],
                        [
                            90.345891,
                            23.812339
                        ]
                    ]
                ]
            },
            "properties": {
                "timestamp": "2022-02-21T15:11:07Z",
                "version": "1",
                "changeset": "117686404",
                "user": "Thompson Amoah",
                "uid": "8885025",
                "building": "yes",
                "id": "way/1033862966"
            },
            "id": "way/1033862966"
        },
        {
            "type": "Feature",
            "geometry": {
                "type": "Polygon",
                "coordinates": [
                    [
                        [
                            90.347046,
                            23.817479
                        ],
                        [
                            90.347068,
                            23.817424
                        ],
                        [
                            90.347186,
                            23.817463
                        ],
                        [
                            90.347164,
                            23.817518
                        ],
                        [
                            90.347046,
                            23.817479
                        ]
                    ]
                ]
            },
            "properties": {
                "timestamp": "2022-03-15T04:20:48Z",
                "version": "1",
                "changeset": "118493502",
                "user": "bridget_d",
                "uid": "13986668",
                "building": "yes",
                "id": "way/1040425081"
            },
            "id": "way/1040425081"
        },
        {
            "type": "Feature",
            "geometry": {
                "type": "Polygon",
                "coordinates": [
                    [
                        [
                            90.347496,
                            23.81793
                        ],
                        [
                            90.347505,
                            23.817852
                        ],
                        [
                            90.347559,
                            23.817857
                        ],
                        [
                            90.34755,
                            23.817935
                        ],
                        [
                            90.347496,
                            23.81793
                        ]
                    ]
                ]
            },
            "properties": {
                "timestamp": "2022-03-15T04:20:48Z",
                "version": "1",
                "changeset": "118493502",
                "user": "bridget_d",
                "uid": "13986668",
                "building": "yes",
                "id": "way/1040425082"
            },
            "id": "way/1040425082"
        },
        {
            "type": "Feature",
            "geometry": {
                "type": "Polygon",
                "coordinates": [
                    [
                        [
                            90.34748,
                            23.817106
                        ],
                        [
                            90.347469,
                            23.817008
                        ],
                        [
                            90.347647,
                            23.816991
                        ],
                        [
                            90.347658,
                            23.817089
                        ],
                        [
                            90.34748,
                            23.817106
                        ]
                    ]
                ]
            },
            "properties": {
                "timestamp": "2022-03-15T04:20:48Z",
                "version": "1",
                "changeset": "118493502",
                "user": "bridget_d",
                "uid": "13986668",
                "building": "yes",
                "id": "way/1040425084"
            },
            "id": "way/1040425084"
        },
        {
            "type": "Feature",
            "geometry": {
                "type": "Polygon",
                "coordinates": [
                    [
                        [
                            90.347695,
                            23.816934
                        ],
                        [
                            90.34759,
                            23.816915
                        ],
                        [
                            90.3476,
                            23.816866
                        ],
                        [
                            90.347706,
                            23.816885
                        ],
                        [
                            90.347695,
                            23.816934
                        ]
                    ]
                ]
            },
            "properties": {
                "timestamp": "2022-03-15T04:20:48Z",
                "version": "1",
                "changeset": "118493502",
                "user": "bridget_d",
                "uid": "13986668",
                "building": "yes",
                "id": "way/1040425085"
            },
            "id": "way/1040425085"
        },
        {
            "type": "Feature",
            "geometry": {
                "type": "Polygon",
                "coordinates": [
                    [
                        [
                            90.343173,
                            23.807411
                        ],
                        [
                            90.343193,
                            23.807324
                        ],
                        [
                            90.343287,
                            23.807342
                        ],
                        [
                            90.343267,
                            23.807429
                        ],
                        [
                            90.343173,
                            23.807411
                        ]
                    ]
                ]
            },
            "properties": {
                "timestamp": "2023-01-07T23:57:30Z",
                "version": "1",
                "changeset": "130999625",
                "user": "Md Waliur Rahman",
                "uid": "15946144",
                "building": "yes",
                "id": "way/1128097460"
            },
            "id": "way/1128097460"
        },
        {
            "type": "Feature",
            "geometry": {
                "type": "Polygon",
                "coordinates": [
                    [
                        [
                            90.342448,
                            23.808069
                        ],
                        [
                            90.342519,
                            23.80807
                        ],
                        [
                            90.342518,
                            23.808125
                        ],
                        [
                            90.342447,
                            23.808124
                        ],
                        [
                            90.342448,
                            23.808069
                        ]
                    ]
                ]
            },
            "properties": {
                "timestamp": "2023-01-08T18:34:48Z",
                "version": "1",
                "changeset": "131026277",
                "user": "Nishan11125",
                "uid": "15323362",
                "building": "yes",
                "id": "way/1128286493"
            },
            "id": "way/1128286493"
        },
        {
            "type": "Feature",
            "geometry": {
                "type": "Polygon",
                "coordinates": [
                    [
                        [
                            90.342399,
                            23.808152
                        ],
                        [
                            90.34247,
                            23.808153
                        ],
                        [
                            90.342469,
                            23.808208
                        ],
                        [
                            90.342398,
                            23.808207
                        ],
                        [
                            90.342399,
                            23.808152
                        ]
                    ]
                ]
            },
            "properties": {
                "timestamp": "2023-01-08T18:34:48Z",
                "version": "1",
                "changeset": "131026277",
                "user": "Nishan11125",
                "uid": "15323362",
                "building": "yes",
                "id": "way/1128286494"
            },
            "id": "way/1128286494"
        },
        {
            "type": "Feature",
            "geometry": {
                "type": "Polygon",
                "coordinates": [
                    [
                        [
                            90.341997,
                            23.8089
                        ],
                        [
                            90.342068,
                            23.808901
                        ],
                        [
                            90.342067,
                            23.808956
                        ],
                        [
                            90.341996,
                            23.808955
                        ],
                        [
                            90.341997,
                            23.8089
                        ]
                    ]
                ]
            },
            "properties": {
                "timestamp": "2023-01-08T18:34:48Z",
                "version": "1",
                "changeset": "131026277",
                "user": "Nishan11125",
                "uid": "15323362",
                "building": "yes",
                "id": "way/1128286495"
            },
            "id": "way/1128286495"
        },
        {
            "type": "Feature",
            "geometry": {
                "type": "Polygon",
                "coordinates": [
                    [
                        [
                            90.342036,
                            23.810854
                        ],
                        [
                            90.342107,
                            23.810855
                        ],
                        [
                            90.342106,
                            23.81091
                        ],
                        [
                            90.342035,
                            23.810909
                        ],
                        [
                            90.342036,
                            23.810854
                        ]
                    ]
                ]
            },
            "properties": {
                "timestamp": "2023-01-08T18:34:48Z",
                "version": "1",
                "changeset": "131026277",
                "user": "Nishan11125",
                "uid": "15323362",
                "building": "yes",
                "id": "way/1128286496"
            },
            "id": "way/1128286496"
        },
        {
            "type": "Feature",
            "geometry": {
                "type": "Polygon",
                "coordinates": [
                    [
                        [
                            90.3427,
                            23.81118
                        ],
                        [
                            90.342771,
                            23.811181
                        ],
                        [
                            90.34277,
                            23.811236
                        ],
                        [
                            90.342699,
                            23.811235
                        ],
                        [
                            90.3427,
                            23.81118
                        ]
                    ]
                ]
            },
            "properties": {
                "timestamp": "2023-01-08T18:34:48Z",
                "version": "1",
                "changeset": "131026277",
                "user": "Nishan11125",
                "uid": "15323362",
                "building": "yes",
                "id": "way/1128286497"
            },
            "id": "way/1128286497"
        },
        {
            "type": "Feature",
            "geometry": {
                "type": "Polygon",
                "coordinates": [
                    [
                        [
                            90.343078,
                            23.810878
                        ],
                        [
                            90.343149,
                            23.810879
                        ],
                        [
                            90.343148,
                            23.810934
                        ],
                        [
                            90.343077,
                            23.810933
                        ],
                        [
                            90.343078,
                            23.810878
                        ]
                    ]
                ]
            },
            "properties": {
                "timestamp": "2023-01-08T18:34:48Z",
                "version": "1",
                "changeset": "131026277",
                "user": "Nishan11125",
                "uid": "15323362",
                "building": "yes",
                "id": "way/1128286498"
            },
            "id": "way/1128286498"
        },
        {
            "type": "Feature",
            "geometry": {
                "type": "Polygon",
                "coordinates": [
                    [
                        [
                            90.343637,
                            23.810131
                        ],
                        [
                            90.343708,
                            23.810132
                        ],
                        [
                            90.343708,
                            23.810187
                        ],
                        [
                            90.343637,
                            23.810186
                        ],
                        [
                            90.343637,
                            23.810131
                        ]
                    ]
                ]
            },
            "properties": {
                "timestamp": "2023-01-08T18:34:48Z",
                "version": "1",
                "changeset": "131026277",
                "user": "Nishan11125",
                "uid": "15323362",
                "building": "yes",
                "id": "way/1128286499"
            },
            "id": "way/1128286499"
        },
        {
            "type": "Feature",
            "geometry": {
                "type": "Polygon",
                "coordinates": [
                    [
                        [
                            90.343887,
                            23.81016
                        ],
                        [
                            90.343958,
                            23.810161
                        ],
                        [
                            90.343957,
                            23.810216
                        ],
                        [
                            90.343887,
                            23.810215
                        ],
                        [
                            90.343887,
                            23.81016
                        ]
                    ]
                ]
            },
            "properties": {
                "timestamp": "2023-01-08T18:34:48Z",
                "version": "1",
                "changeset": "131026277",
                "user": "Nishan11125",
                "uid": "15323362",
                "building": "yes",
                "id": "way/1128286500"
            },
            "id": "way/1128286500"
        },
        {
            "type": "Feature",
            "geometry": {
                "type": "Polygon",
                "coordinates": [
                    [
                        [
                            90.345614,
                            23.81294
                        ],
                        [
                            90.345685,
                            23.812941
                        ],
                        [
                            90.345684,
                            23.812996
                        ],
                        [
                            90.345613,
                            23.812995
                        ],
                        [
                            90.345614,
                            23.81294
                        ]
                    ]
                ]
            },
            "properties": {
                "timestamp": "2023-01-08T18:34:48Z",
                "version": "1",
                "changeset": "131026277",
                "user": "Nishan11125",
                "uid": "15323362",
                "building": "yes",
                "id": "way/1128286501"
            },
            "id": "way/1128286501"
        },
        {
            "type": "Feature",
            "geometry": {
                "type": "Polygon",
                "coordinates": [
                    [
                        [
                            90.345815,
                            23.813032
                        ],
                        [
                            90.345886,
                            23.813033
                        ],
                        [
                            90.345885,
                            23.813088
                        ],
                        [
                            90.345814,
                            23.813087
                        ],
                        [
                            90.345815,
                            23.813032
                        ]
                    ]
                ]
            },
            "properties": {
                "timestamp": "2023-01-08T18:34:48Z",
                "version": "1",
                "changeset": "131026277",
                "user": "Nishan11125",
                "uid": "15323362",
                "building": "yes",
                "id": "way/1128286502"
            },
            "id": "way/1128286502"
        },
        {
            "type": "Feature",
            "geometry": {
                "type": "Polygon",
                "coordinates": [
                    [
                        [
                            90.345705,
                            23.812994
                        ],
                        [
                            90.345776,
                            23.812995
                        ],
                        [
                            90.345775,
                            23.81305
                        ],
                        [
                            90.345705,
                            23.813049
                        ],
                        [
                            90.345705,
                            23.812994
                        ]
                    ]
                ]
            },
            "properties": {
                "timestamp": "2023-01-08T18:34:48Z",
                "version": "1",
                "changeset": "131026277",
                "user": "Nishan11125",
                "uid": "15323362",
                "building": "yes",
                "id": "way/1128286503"
            },
            "id": "way/1128286503"
        },
        {
            "type": "Feature",
            "geometry": {
                "type": "Polygon",
                "coordinates": [
                    [
                        [
                            90.345687,
                            23.813067
                        ],
                        [
                            90.345758,
                            23.813068
                        ],
                        [
                            90.345757,
                            23.813123
                        ],
                        [
                            90.345686,
                            23.813122
                        ],
                        [
                            90.345687,
                            23.813067
                        ]
                    ]
                ]
            },
            "properties": {
                "timestamp": "2023-01-08T18:34:48Z",
                "version": "1",
                "changeset": "131026277",
                "user": "Nishan11125",
                "uid": "15323362",
                "building": "yes",
                "id": "way/1128286504"
            },
            "id": "way/1128286504"
        },
        {
            "type": "Feature",
            "geometry": {
                "type": "Polygon",
                "coordinates": [
                    [
                        [
                            90.346104,
                            23.813282
                        ],
                        [
                            90.346175,
                            23.813283
                        ],
                        [
                            90.346174,
                            23.813338
                        ],
                        [
                            90.346103,
                            23.813337
                        ],
                        [
                            90.346104,
                            23.813282
                        ]
                    ]
                ]
            },
            "properties": {
                "timestamp": "2023-01-08T18:34:48Z",
                "version": "1",
                "changeset": "131026277",
                "user": "Nishan11125",
                "uid": "15323362",
                "building": "yes",
                "id": "way/1128286505"
            },
            "id": "way/1128286505"
        },
        {
            "type": "Feature",
            "geometry": {
                "type": "Polygon",
                "coordinates": [
                    [
                        [
                            90.347065,
                            23.813499
                        ],
                        [
                            90.347136,
                            23.8135
                        ],
                        [
                            90.347135,
                            23.813555
                        ],
                        [
                            90.347064,
                            23.813554
                        ],
                        [
                            90.347065,
                            23.813499
                        ]
                    ]
                ]
            },
            "properties": {
                "timestamp": "2023-01-08T18:34:48Z",
                "version": "1",
                "changeset": "131026277",
                "user": "Nishan11125",
                "uid": "15323362",
                "building": "yes",
                "id": "way/1128286506"
            },
            "id": "way/1128286506"
        },
        {
            "type": "Feature",
            "geometry": {
                "type": "Polygon",
                "coordinates": [
                    [
                        [
                            90.346734,
                            23.8136
                        ],
                        [
                            90.346805,
                            23.813601
                        ],
                        [
                            90.346804,
                            23.813656
                        ],
                        [
                            90.346733,
                            23.813655
                        ],
                        [
                            90.346734,
                            23.8136
                        ]
                    ]
                ]
            },
            "properties": {
                "timestamp": "2023-01-08T18:34:48Z",
                "version": "1",
                "changeset": "131026277",
                "user": "Nishan11125",
                "uid": "15323362",
                "building": "yes",
                "id": "way/1128286507"
            },
            "id": "way/1128286507"
        },
        {
            "type": "Feature",
            "geometry": {
                "type": "Polygon",
                "coordinates": [
                    [
                        [
                            90.346732,
                            23.81369
                        ],
                        [
                            90.346803,
                            23.813691
                        ],
                        [
                            90.346802,
                            23.813746
                        ],
                        [
                            90.346731,
                            23.813745
                        ],
                        [
                            90.346732,
                            23.81369
                        ]
                    ]
                ]
            },
            "properties": {
                "timestamp": "2023-01-08T18:34:48Z",
                "version": "1",
                "changeset": "131026277",
                "user": "Nishan11125",
                "uid": "15323362",
                "building": "yes",
                "id": "way/1128286508"
            },
            "id": "way/1128286508"
        },
        {
            "type": "Feature",
            "geometry": {
                "type": "Polygon",
                "coordinates": [
                    [
                        [
                            90.346847,
                            23.813805
                        ],
                        [
                            90.346918,
                            23.813806
                        ],
                        [
                            90.346917,
                            23.813862
                        ],
                        [
                            90.346846,
                            23.81386
                        ],
                        [
                            90.346847,
                            23.813805
                        ]
                    ]
                ]
            },
            "properties": {
                "timestamp": "2023-01-08T18:34:48Z",
                "version": "1",
                "changeset": "131026277",
                "user": "Nishan11125",
                "uid": "15323362",
                "building": "yes",
                "id": "way/1128286509"
            },
            "id": "way/1128286509"
        },
        {
            "type": "Feature",
            "geometry": {
                "type": "Polygon",
                "coordinates": [
                    [
                        [
                            90.34692,
                            23.813622
                        ],
                        [
                            90.346991,
                            23.813623
                        ],
                        [
                            90.34699,
                            23.813678
                        ],
                        [
                            90.346919,
                            23.813677
                        ],
                        [
                            90.34692,
                            23.813622
                        ]
                    ]
                ]
            },
            "properties": {
                "timestamp": "2023-01-08T18:34:48Z",
                "version": "1",
                "changeset": "131026277",
                "user": "Nishan11125",
                "uid": "15323362",
                "building": "yes",
                "id": "way/1128286510"
            },
            "id": "way/1128286510"
        },
        {
            "type": "Feature",
            "geometry": {
                "type": "Polygon",
                "coordinates": [
                    [
                        [
                            90.347295,
                            23.812349
                        ],
                        [
                            90.347287,
                            23.812296
                        ],
                        [
                            90.34732,
                            23.812237
                        ],
                        [
                            90.34737,
                            23.81218
                        ],
                        [
                            90.34742,
                            23.812169
                        ],
                        [
                            90.347472,
                            23.812178
                        ],
                        [
                            90.347551,
                            23.812203
                        ],
                        [
                            90.347601,
                            23.812235
                        ],
                        [
                            90.347632,
                            23.812283
                        ],
                        [
                            90.347621,
                            23.812338
                        ],
                        [
                            90.347582,
                            23.812361
                        ],
                        [
                            90.347555,
                            23.812384
                        ],
                        [
                            90.347526,
                            23.812443
                        ],
                        [
                            90.34749,
                            23.812505
                        ],
                        [
                            90.347449,
                            23.812519
                        ],
                        [
                            90.34737,
                            23.812492
                        ],
                        [
                            90.347326,
                            23.812437
                        ],
                        [
                            90.347299,
                            23.812397
                        ],
                        [
                            90.347295,
                            23.812349
                        ]
                    ]
                ]
            },
            "properties": {
                "timestamp": "2025-04-26T09:08:51Z",
                "version": "1",
                "changeset": "165454984",
                "user": "Itmam",
                "uid": "21891315",
                "landuse": "grass",
                "id": "way/1381334675"
            },
            "id": "way/1381334675"
        },
        {
            "type": "Feature",
            "geometry": {
                "type": "LineString",
                "coordinates": [
                    [
                        90.34784,
                        23.811912
                    ],
                    [
                        90.347558,
                        23.812046
                    ],
                    [
                        90.347459,
                        23.812095
                    ],
                    [
                        90.347379,
                        23.812134
                    ],
                    [
                        90.347333,
                        23.812168
                    ],
                    [
                        90.347302,
                        23.812189
                    ],
                    [
                        90.347252,
                        23.812255
                    ],
                    [
                        90.34724,
                        23.81231
                    ],
                    [
                        90.347238,
                        23.812369
                    ],
                    [
                        90.347256,
                        23.812417
                    ],
                    [
                        90.347285,
                        23.812469
                    ],
                    [
                        90.347332,
                        23.812514
                    ],
                    [
                        90.347391,
                        23.81254
                    ],
                    [
                        90.34745,
                        23.812551
                    ],
                    [
                        90.347544,
                        23.812547
                    ],
                    [
                        90.347617,
                        23.812513
                    ],
                    [
                        90.347679,
                        23.812466
                    ],
                    [
                        90.347737,
                        23.81239
                    ],
                    [
                        90.347918,
                        23.811975
                    ]
                ]
            },
            "properties": {
                "timestamp": "2025-10-11T17:28:04Z",
                "version": "25",
                "changeset": "173148126",
                "user": "Sawan Shariar",
                "uid": "2913188",
                "highway": "secondary",
                "lane_markings": "no",
                "name": "চিড়িয়াখানা সড়ক",
                "name:en": "Zoo Road",
                "oneway": "yes",
                "surface": "asphalt",
                "id": "way/24402622"
            },
            "id": "way/24402622"
        },
        {
            "type": "Feature",
            "geometry": {
                "type": "LineString",
                "coordinates": [
                    [
                        90.342229,
                        23.812983
                    ],
                    [
                        90.342203,
                        23.813234
                    ],
                    [
                        90.34223,
                        23.813355
                    ],
                    [
                        90.342239,
                        23.813398
                    ],
                    [
                        90.342241,
                        23.813406
                    ],
                    [
                        90.342246,
                        23.813431
                    ],
                    [
                        90.342276,
                        23.813485
                    ],
                    [
                        90.342332,
                        23.813588
                    ],
                    [
                        90.342461,
                        23.813721
                    ],
                    [
                        90.342658,
                        23.813847
                    ],
                    [
                        90.342804,
                        23.813941
                    ],
                    [
                        90.343001,
                        23.814004
                    ],
                    [
                        90.343345,
                        23.814004
                    ],
                    [
                        90.343551,
                        23.813941
                    ],
                    [
                        90.343791,
                        23.813878
                    ],
                    [
                        90.34398,
                        23.813878
                    ],
                    [
                        90.34422,
                        23.813878
                    ],
                    [
                        90.344461,
                        23.813941
                    ],
                    [
                        90.344667,
                        23.814059
                    ],
                    [
                        90.344924,
                        23.814161
                    ],
                    [
                        90.345079,
                        23.814294
                    ],
                    [
                        90.345182,
                        23.81453
                    ],
                    [
                        90.345336,
                        23.814766
                    ],
                    [
                        90.345508,
                        23.814962
                    ],
                    [
                        90.345594,
                        23.815135
                    ],
                    [
                        90.345782,
                        23.815354
                    ],
                    [
                        90.345894,
                        23.815417
                    ],
                    [
                        90.346091,
                        23.815472
                    ],
                    [
                        90.346383,
                        23.815472
                    ],
                    [
                        90.346641,
                        23.815433
                    ],
                    [
                        90.346795,
                        23.815339
                    ],
                    [
                        90.34695,
                        23.815182
                    ],
                    [
                        90.346967,
                        23.81504
                    ],
                    [
                        90.34695,
                        23.814868
                    ],
                    [
                        90.346924,
                        23.814554
                    ],
                    [
                        90.346881,
                        23.814334
                    ],
                    [
                        90.346795,
                        23.813957
                    ],
                    [
                        90.346692,
                        23.813706
                    ],
                    [
                        90.346581,
                        23.813431
                    ],
                    [
                        90.346366,
                        23.813195
                    ],
                    [
                        90.346126,
                        23.812983
                    ],
                    [
                        90.34592,
                        23.812826
                    ],
                    [
                        90.345849,
                        23.812789
                    ],
                    [
                        90.345576,
                        23.812645
                    ],
                    [
                        90.345233,
                        23.812449
                    ],
                    [
                        90.34501,
                        23.81241
                    ],
                    [
                        90.344718,
                        23.812308
                    ],
                    [
                        90.344521,
                        23.812229
                    ],
                    [
                        90.34422,
                        23.812198
                    ],
                    [
                        90.344049,
                        23.812096
                    ],
                    [
                        90.34392,
                        23.811939
                    ],
                    [
                        90.343808,
                        23.81168
                    ],
                    [
                        90.343705,
                        23.811468
                    ],
                    [
                        90.343662,
                        23.811287
                    ],
                    [
                        90.343662,
                        23.810973
                    ],
                    [
                        90.343662,
                        23.810682
                    ],
                    [
                        90.343705,
                        23.810486
                    ],
                    [
                        90.343791,
                        23.81025
                    ],
                    [
                        90.343834,
                        23.810078
                    ],
                    [
                        90.343894,
                        23.809921
                    ],
                    [
                        90.343946,
                        23.809779
                    ],
                    [
                        90.344031,
                        23.809559
                    ],
                    [
                        90.344066,
                        23.809308
                    ],
                    [
                        90.344066,
                        23.808994
                    ],
                    [
                        90.344066,
                        23.808743
                    ],
                    [
                        90.34398,
                        23.80846
                    ],
                    [
                        90.343962,
                        23.808437
                    ],
                    [
                        90.343834,
                        23.808272
                    ],
                    [
                        90.343602,
                        23.808115
                    ],
                    [
                        90.343362,
                        23.808091
                    ],
                    [
                        90.343122,
                        23.808091
                    ],
                    [
                        90.342804,
                        23.808209
                    ],
                    [
                        90.342632,
                        23.808327
                    ],
                    [
                        90.342547,
                        23.808429
                    ],
                    [
                        90.342418,
                        23.808664
                    ],
                    [
                        90.342435,
                        23.808978
                    ],
                    [
                        90.342435,
                        23.809214
                    ],
                    [
                        90.342435,
                        23.809504
                    ],
                    [
                        90.342435,
                        23.809661
                    ],
                    [
                        90.342435,
                        23.809858
                    ],
                    [
                        90.342435,
                        23.810133
                    ],
                    [
                        90.342486,
                        23.810407
                    ],
                    [
                        90.342486,
                        23.81058
                    ],
                    [
                        90.342521,
                        23.810784
                    ],
                    [
                        90.342521,
                        23.810973
                    ],
                    [
                        90.342521,
                        23.811271
                    ],
                    [
                        90.342521,
                        23.811546
                    ],
                    [
                        90.342504,
                        23.811837
                    ],
                    [
                        90.342418,
                        23.812174
                    ],
                    [
                        90.342332,
                        23.81248
                    ],
                    [
                        90.342229,
                        23.812983
                    ]
                ]
            },
            "properties": {
                "timestamp": "2026-01-09T14:57:00Z",
                "version": "13",
                "changeset": "177029606",
                "user": "Shafayat Ur Rahaman",
                "uid": "22257189",
                "check_date:surface": "2026-01-09",
                "cycleway:both": "no",
                "highway": "service",
                "sidewalk": "no",
                "surface": "paved",
                "id": "way/34228796"
            },
            "id": "way/34228796"
        },
        {
            "type": "Feature",
            "geometry": {
                "type": "LineString",
                "coordinates": [
                    [
                        90.346706,
                        23.812452
                    ],
                    [
                        90.346501,
                        23.812499
                    ],
                    [
                        90.346234,
                        23.812571
                    ],
                    [
                        90.346064,
                        23.812636
                    ],
                    [
                        90.345915,
                        23.812701
                    ],
                    [
                        90.345849,
                        23.812789
                    ]
                ]
            },
            "properties": {
                "timestamp": "2025-01-06T11:27:25Z",
                "version": "6",
                "changeset": "161053309",
                "user": "Itmam",
                "uid": "21891315",
                "cycleway:both": "no",
                "highway": "service",
                "sidewalk": "no",
                "surface": "asphalt",
                "id": "way/39760229"
            },
            "id": "way/39760229"
        },
        {
            "type": "Feature",
            "geometry": {
                "type": "LineString",
                "coordinates": [
                    [
                        90.342196,
                        23.813499
                    ],
                    [
                        90.342133,
                        23.813406
                    ],
                    [
                        90.342241,
                        23.813406
                    ],
                    [
                        90.342276,
                        23.813485
                    ],
                    [
                        90.342196,
                        23.813499
                    ]
                ]
            },
            "properties": {
                "timestamp": "2012-05-02T18:14:39Z",
                "version": "1",
                "changeset": "11481926",
                "user": "Shubrami Moutushy",
                "uid": "523621",
                "animal cage": "cage",
                "id": "way/161897639"
            },
            "id": "way/161897639"
        },
        {
            "type": "Feature",
            "geometry": {
                "type": "LineString",
                "coordinates": [
                    [
                        90.344232,
                        23.809701
                    ],
                    [
                        90.344225,
                        23.80969
                    ],
                    [
                        90.344108,
                        23.80952
                    ],
                    [
                        90.344329,
                        23.809513
                    ],
                    [
                        90.344405,
                        23.809694
                    ],
                    [
                        90.344232,
                        23.809701
                    ]
                ]
            },
            "properties": {
                "timestamp": "2021-07-27T11:39:10Z",
                "version": "5",
                "changeset": "108686274",
                "user": "AmanBD",
                "uid": "509560",
                "animal cage": "cage",
                "attraction": "animal",
                "name": "গণ্ডারের খাঁচা",
                "name:bn": "গণ্ডারের খাঁচা",
                "name:en": "Rhinoceros Cage",
                "id": "way/161897655"
            },
            "id": "way/161897655"
        },
        {
            "type": "Feature",
            "geometry": {
                "type": "LineString",
                "coordinates": [
                    [
                        90.346795,
                        23.815339
                    ],
                    [
                        90.346799,
                        23.815397
                    ]
                ]
            },
            "properties": {
                "timestamp": "2018-06-03T07:29:44Z",
                "version": "1",
                "changeset": "59500813",
                "user": "Nodia",
                "uid": "6929194",
                "highway": "track",
                "surface": "paved",
                "id": "way/593280293"
            },
            "id": "way/593280293"
        },
        {
            "type": "Feature",
            "geometry": {
                "type": "LineString",
                "coordinates": [
                    [
                        90.34784,
                        23.811912
                    ],
                    [
                        90.347918,
                        23.811975
                    ]
                ]
            },
            "properties": {
                "timestamp": "2025-10-11T17:29:21Z",
                "version": "6",
                "changeset": "173148126",
                "user": "Sawan Shariar",
                "uid": "2913188",
                "highway": "secondary",
                "lane_markings": "no",
                "name": "চিড়িয়াখানা সড়ক",
                "name:en": "Zoo Road",
                "surface": "asphalt",
                "id": "way/662516329"
            },
            "id": "way/662516329"
        },
        {
            "type": "Feature",
            "geometry": {
                "type": "LineString",
                "coordinates": [
                    [
                        90.346934,
                        23.812021
                    ],
                    [
                        90.346977,
                        23.812142
                    ],
                    [
                        90.346806,
                        23.812245
                    ],
                    [
                        90.346749,
                        23.812274
                    ],
                    [
                        90.346722,
                        23.812359
                    ],
                    [
                        90.346706,
                        23.812452
                    ],
                    [
                        90.346708,
                        23.812472
                    ],
                    [
                        90.346733,
                        23.812555
                    ],
                    [
                        90.346822,
                        23.812581
                    ],
                    [
                        90.346991,
                        23.812549
                    ]
                ]
            },
            "properties": {
                "timestamp": "2026-01-09T14:55:06Z",
                "version": "3",
                "changeset": "177029606",
                "user": "Shafayat Ur Rahaman",
                "uid": "22257189",
                "check_date:surface": "2026-01-09",
                "highway": "service",
                "surface": "paved",
                "id": "way/1033188198"
            },
            "id": "way/1033188198"
        },
        {
            "type": "Feature",
            "geometry": {
                "type": "LineString",
                "coordinates": [
                    [
                        90.347954,
                        23.813883
                    ],
                    [
                        90.347729,
                        23.81382
                    ]
                ]
            },
            "properties": {
                "timestamp": "2023-02-20T01:56:39Z",
                "version": "2",
                "changeset": "132770614",
                "user": "Sawan Shariar",
                "uid": "2913188",
                "highway": "footway",
                "surface": "sett",
                "id": "way/1061463644"
            },
            "id": "way/1061463644"
        },
        {
            "type": "Feature",
            "geometry": {
                "type": "LineString",
                "coordinates": [
                    [
                        90.346977,
                        23.812142
                    ],
                    [
                        90.347073,
                        23.81213
                    ],
                    [
                        90.347333,
                        23.812168
                    ]
                ]
            },
            "properties": {
                "timestamp": "2026-01-09T14:54:01Z",
                "version": "2",
                "changeset": "177029606",
                "user": "Shafayat Ur Rahaman",
                "uid": "22257189",
                "check_date:surface": "2026-01-09",
                "highway": "service",
                "surface": "paved",
                "id": "way/1305543173"
            },
            "id": "way/1305543173"
        },
        {
            "type": "Feature",
            "geometry": {
                "type": "Point",
                "coordinates": [
                    90.347073,
                    23.81213
                ]
            },
            "properties": {
                "timestamp": "2024-08-04T12:02:03Z",
                "version": "3",
                "changeset": "154809048",
                "user": "AmanBD",
                "uid": "509560",
                "barrier": "gate",
                "id": "node/265716248"
            },
            "id": "node/265716248"
        },
        {
            "type": "Feature",
            "geometry": {
                "type": "Point",
                "coordinates": [
                    90.347455,
                    23.818329
                ]
            },
            "properties": {
                "timestamp": "2021-07-27T11:39:10Z",
                "version": "2",
                "changeset": "108686274",
                "user": "AmanBD",
                "uid": "509560",
                "attraction": "animal",
                "name": "Marsh crocodile cage",
                "id": "node/1738497331"
            },
            "id": "node/1738497331"
        },
        {
            "type": "Feature",
            "geometry": {
                "type": "Point",
                "coordinates": [
                    90.345583,
                    23.815747
                ]
            },
            "properties": {
                "timestamp": "2024-08-04T12:02:03Z",
                "version": "4",
                "changeset": "154809048",
                "user": "AmanBD",
                "uid": "509560",
                "attraction": "animal",
                "name": "Snakes",
                "name:bn": "সাপের খাচা",
                "tourism": "attraction",
                "id": "node/1738497348"
            },
            "id": "node/1738497348"
        },
        {
            "type": "Feature",
            "geometry": {
                "type": "Point",
                "coordinates": [
                    90.343751,
                    23.811484
                ]
            },
            "properties": {
                "timestamp": "2021-07-27T11:39:10Z",
                "version": "3",
                "changeset": "108686274",
                "user": "AmanBD",
                "uid": "509560",
                "attraction": "animal",
                "name": "Guinea Pig",
                "tourism": "attraction",
                "id": "node/1738497349"
            },
            "id": "node/1738497349"
        },
        {
            "type": "Feature",
            "geometry": {
                "type": "Point",
                "coordinates": [
                    90.345304,
                    23.812603
                ]
            },
            "properties": {
                "timestamp": "2021-07-27T11:39:10Z",
                "version": "3",
                "changeset": "108686274",
                "user": "AmanBD",
                "uid": "509560",
                "attraction": "animal",
                "name": "Greater Flamingo",
                "tourism": "attraction",
                "id": "node/1738497350"
            },
            "id": "node/1738497350"
        },
        {
            "type": "Feature",
            "geometry": {
                "type": "Point",
                "coordinates": [
                    90.342216,
                    23.813449
                ]
            },
            "properties": {
                "timestamp": "2021-07-27T11:39:10Z",
                "version": "2",
                "changeset": "108686274",
                "user": "AmanBD",
                "uid": "509560",
                "attraction": "animal",
                "name": "Wild Beast Cage",
                "id": "node/1738497609"
            },
            "id": "node/1738497609"
        },
        {
            "type": "Feature",
            "geometry": {
                "type": "Point",
                "coordinates": [
                    90.347626,
                    23.816864
                ]
            },
            "properties": {
                "timestamp": "2024-08-04T12:02:03Z",
                "version": "3",
                "changeset": "154809048",
                "user": "AmanBD",
                "uid": "509560",
                "attraction": "animal",
                "name": "Indian Lion Cage",
                "name:bn": "সিংহের খাচা",
                "id": "node/1738537584"
            },
            "id": "node/1738537584"
        },
        {
            "type": "Feature",
            "geometry": {
                "type": "Point",
                "coordinates": [
                    90.346446,
                    23.814169
                ]
            },
            "properties": {
                "timestamp": "2024-08-04T12:02:03Z",
                "version": "3",
                "changeset": "154809048",
                "user": "AmanBD",
                "uid": "509560",
                "attraction": "animal",
                "name": "Oriental Pied Hornbill Cage",
                "tourism": "attraction",
                "id": "node/1738537817"
            },
            "id": "node/1738537817"
        },
        {
            "type": "Feature",
            "geometry": {
                "type": "Point",
                "coordinates": [
                    90.344045,
                    23.814373
                ]
            },
            "properties": {
                "timestamp": "2024-08-04T12:02:03Z",
                "version": "3",
                "changeset": "154809048",
                "user": "AmanBD",
                "uid": "509560",
                "attraction": "animal",
                "name": "Donkey cage",
                "name:bn": "গাধার খাচা",
                "tourism": "attraction",
                "id": "node/1748743574"
            },
            "id": "node/1748743574"
        },
        {
            "type": "Feature",
            "geometry": {
                "type": "Point",
                "coordinates": [
                    90.344447,
                    23.814594
                ]
            },
            "properties": {
                "timestamp": "2021-02-21T23:21:16Z",
                "version": "2",
                "changeset": "99702972",
                "user": "rene78",
                "uid": "257555",
                "attraction": "animal",
                "name": "Estuarine Crocodile cage",
                "tourism": "attraction",
                "id": "node/1748743578"
            },
            "id": "node/1748743578"
        },
        {
            "type": "Feature",
            "geometry": {
                "type": "Point",
                "coordinates": [
                    90.346466,
                    23.812566
                ]
            },
            "properties": {
                "timestamp": "2024-08-04T12:02:03Z",
                "version": "4",
                "changeset": "154809048",
                "user": "AmanBD",
                "uid": "509560",
                "attraction": "animal",
                "name": "বানরের খাঁচা",
                "name:bn": "বানরের খাঁচা",
                "name:en": "Monkey Cage",
                "tourism": "attraction",
                "id": "node/1748743607"
            },
            "id": "node/1748743607"
        },
        {
            "type": "Feature",
            "geometry": {
                "type": "Point",
                "coordinates": [
                    90.342189,
                    23.813368
                ]
            },
            "properties": {
                "timestamp": "2021-07-27T11:39:10Z",
                "version": "2",
                "changeset": "108686274",
                "user": "AmanBD",
                "uid": "509560",
                "attraction": "animal",
                "name": "Nilgai cage",
                "id": "node/1748743608"
            },
            "id": "node/1748743608"
        },
        {
            "type": "Feature",
            "geometry": {
                "type": "Point",
                "coordinates": [
                    90.347345,
                    23.815822
                ]
            },
            "properties": {
                "timestamp": "2024-08-04T12:02:03Z",
                "version": "4",
                "changeset": "154809048",
                "user": "AmanBD",
                "uid": "509560",
                "attraction": "animal",
                "name": "রয়েল বেঙ্গল বাঘের খাচা",
                "name:bn": "রয়েল বেঙ্গল বাঘের খাচা",
                "name:en": "Royal Bengal Tiger Cage",
                "tourism": "attraction",
                "id": "node/1748743610"
            },
            "id": "node/1748743610"
        },
        {
            "type": "Feature",
            "geometry": {
                "type": "Point",
                "coordinates": [
                    90.347157,
                    23.814875
                ]
            },
            "properties": {
                "timestamp": "2024-08-04T12:02:03Z",
                "version": "3",
                "changeset": "154809048",
                "user": "AmanBD",
                "uid": "509560",
                "attraction": "animal",
                "name": "Samber Deer Cage",
                "name:bn": "সাম্বার হরিণের খাচা",
                "tourism": "attraction",
                "id": "node/1748743612"
            },
            "id": "node/1748743612"
        },
        {
            "type": "Feature",
            "geometry": {
                "type": "Point",
                "coordinates": [
                    90.347675,
                    23.817818
                ]
            },
            "properties": {
                "timestamp": "2024-08-04T12:02:03Z",
                "version": "3",
                "changeset": "154809048",
                "user": "AmanBD",
                "uid": "509560",
                "attraction": "animal",
                "name": "Spotted Deer Cage",
                "name:bn": "চিত্রা হরিণের কাচা",
                "id": "node/1748743614"
            },
            "id": "node/1748743614"
        },
        {
            "type": "Feature",
            "geometry": {
                "type": "Point",
                "coordinates": [
                    90.343981,
                    23.812133
                ]
            },
            "properties": {
                "timestamp": "2021-07-27T11:39:10Z",
                "version": "3",
                "changeset": "108686274",
                "user": "AmanBD",
                "uid": "509560",
                "attraction": "animal",
                "name": "ভোদড় খাঁচা",
                "name:en": "Sea-lion Cage",
                "tourism": "attraction",
                "id": "node/1748743617"
            },
            "id": "node/1748743617"
        },
        {
            "type": "Feature",
            "geometry": {
                "type": "Point",
                "coordinates": [
                    90.346009,
                    23.815971
                ]
            },
            "properties": {
                "timestamp": "2024-08-04T12:02:03Z",
                "version": "3",
                "changeset": "154809048",
                "user": "AmanBD",
                "uid": "509560",
                "attraction": "animal",
                "name": "Baboons",
                "name:bn": "বেবুন",
                "tourism": "attraction",
                "id": "node/1748743621"
            },
            "id": "node/1748743621"
        },
        {
            "type": "Feature",
            "geometry": {
                "type": "Point",
                "coordinates": [
                    90.346416,
                    23.813957
                ]
            },
            "properties": {
                "timestamp": "2024-08-04T12:02:03Z",
                "version": "3",
                "changeset": "154809048",
                "user": "AmanBD",
                "uid": "509560",
                "attraction": "animal",
                "name": "Lesser Adjutant Cage",
                "tourism": "attraction",
                "id": "node/1748747209"
            },
            "id": "node/1748747209"
        },
        {
            "type": "Feature",
            "geometry": {
                "type": "Point",
                "coordinates": [
                    90.342373,
                    23.811343
                ]
            },
            "properties": {
                "timestamp": "2021-07-27T11:39:10Z",
                "version": "3",
                "changeset": "108686274",
                "user": "AmanBD",
                "uid": "509560",
                "attraction": "animal",
                "name": "Orix Cage",
                "tourism": "attraction",
                "id": "node/1748747347"
            },
            "id": "node/1748747347"
        },
        {
            "type": "Feature",
            "geometry": {
                "type": "Point",
                "coordinates": [
                    90.345183,
                    23.815802
                ]
            },
            "properties": {
                "timestamp": "2024-08-04T12:02:03Z",
                "version": "4",
                "changeset": "154809048",
                "user": "AmanBD",
                "uid": "509560",
                "attraction": "animal",
                "name": "Peafowl Cage",
                "name:bn": "ময়ূরের খাচা",
                "tourism": "attraction",
                "id": "node/1748747348"
            },
            "id": "node/1748747348"
        },
        {
            "type": "Feature",
            "geometry": {
                "type": "Point",
                "coordinates": [
                    90.346991,
                    23.812549
                ]
            },
            "properties": {
                "timestamp": "2022-02-19T10:53:20Z",
                "version": "3",
                "changeset": "117598923",
                "user": "AmanBD",
                "uid": "509560",
                "access": "customers",
                "door": "revolving",
                "entrance": "main",
                "name": "National Zoo Maingate",
                "id": "node/1813542591"
            },
            "id": "node/1813542591"
        },
        {
            "type": "Feature",
            "geometry": {
                "type": "Point",
                "coordinates": [
                    90.346622,
                    23.814164
                ]
            },
            "properties": {
                "timestamp": "2024-08-04T12:02:03Z",
                "version": "4",
                "changeset": "154809048",
                "user": "AmanBD",
                "uid": "509560",
                "attraction": "animal",
                "name": "Black Necked Stork Cage",
                "name:bn": "কালোগলা মানিকজোড় খাচা",
                "tourism": "attraction",
                "id": "node/2178102724"
            },
            "id": "node/2178102724"
        },
        {
            "type": "Feature",
            "geometry": {
                "type": "Point",
                "coordinates": [
                    90.346884,
                    23.81236
                ]
            },
            "properties": {
                "timestamp": "2017-12-15T21:29:32Z",
                "version": "1",
                "changeset": "54665989",
                "user": "NURUL AHAD ANIK",
                "uid": "4312617",
                "amenity": "payment_terminal",
                "operator": "National Zoo",
                "id": "node/5286610824"
            },
            "id": "node/5286610824"
        },
        {
            "type": "Feature",
            "geometry": {
                "type": "Point",
                "coordinates": [
                    90.346626,
                    23.812214
                ]
            },
            "properties": {
                "timestamp": "2026-01-09T14:54:54Z",
                "version": "4",
                "changeset": "177028694",
                "user": "Shafayat Ur Rahaman",
                "uid": "22257189",
                "addr:street": "Zoo Road",
                "attraction": "animal",
                "check_date:opening_hours": "2026-01-09",
                "name": "চিত্রা হরিণ",
                "name:bn": "চিত্রা হরিণ",
                "name:en": "Spotted Deer",
                "opening_hours": "Mo-Su 09:00-18:00",
                "tourism": "attraction",
                "id": "node/5365123022"
            },
            "id": "node/5365123022"
        },
        {
            "type": "Feature",
            "geometry": {
                "type": "Point",
                "coordinates": [
                    90.346919,
                    23.812087
                ]
            },
            "properties": {
                "timestamp": "2026-01-09T14:54:39Z",
                "version": "5",
                "changeset": "177029637",
                "user": "Shafayat Ur Rahaman",
                "uid": "22257189",
                "amenity": "toilets",
                "check_date": "2026-01-09",
                "check_date:opening_hours": "2026-01-09",
                "check_date:wheelchair": "2026-01-09",
                "fee": "yes",
                "opening_hours": "Mo-Su 09:00-18:00",
                "wheelchair": "no",
                "id": "node/5365128522"
            },
            "id": "node/5365128522"
        },
        {
            "type": "Feature",
            "geometry": {
                "type": "Point",
                "coordinates": [
                    90.343306,
                    23.811955
                ]
            },
            "properties": {
                "timestamp": "2021-07-27T11:39:10Z",
                "version": "1",
                "changeset": "108686274",
                "user": "AmanBD",
                "uid": "509560",
                "attraction": "animal",
                "name": "Leopard Cage",
                "id": "node/8953965853"
            },
            "id": "node/8953965853"
        },
        {
            "type": "Feature",
            "geometry": {
                "type": "Point",
                "coordinates": [
                    90.343246,
                    23.812605
                ]
            },
            "properties": {
                "timestamp": "2025-10-23T12:00:12Z",
                "version": "1",
                "changeset": "173670519",
                "user": "ummeytamanna",
                "uid": "18251284",
                "amenity": "place_of_worship",
                "name": "Bangladesh National Zoo Jame Masjid, Mosque",
                "religion": "muslim",
                "id": "node/13251979978"
            },
            "id": "node/13251979978"
        },
        {
            "type": "Feature",
            "geometry": {
                "type": "Point",
                "coordinates": [
                    90.346855,
                    23.813622
                ]
            },
            "properties": {
                "timestamp": "2025-10-23T12:19:26Z",
                "version": "1",
                "changeset": "173671425",
                "user": "ummeytamanna",
                "uid": "18251284",
                "name": "Directors Office, Bangladesh National Zoo",
                "tourism": "zoo",
                "id": "node/13251995341"
            },
            "id": "node/13251995341"
        },
        {
            "type": "Feature",
            "geometry": {
                "type": "Point",
                "coordinates": [
                    90.346923,
                    23.812223
                ]
            },
            "properties": {
                "timestamp": "2026-01-09T14:53:53Z",
                "version": "4",
                "changeset": "177028694",
                "user": "Shafayat Ur Rahaman",
                "uid": "22257189",
                "fee": "yes",
                "name": "Bangladesh National Zoo",
                "opening_hours": "Mo-Sa,PH 09:00-18:00",
                "tourism": "zoo",
                "id": "node/13252006737"
            },
            "id": "node/13252006737"
        },
        {
            "type": "Feature",
            "geometry": {
                "type": "Point",
                "coordinates": [
                    90.345008,
                    23.808841
                ]
            },
            "properties": {
                "timestamp": "2026-06-28T17:37:41Z",
                "version": "2",
                "changeset": "184753225",
                "user": "ChrissW-R1",
                "uid": "251543",
                "access": "permit",
                "fee": "2000tk",
                "fishing": "fee",
                "leisure": "fishing",
                "opening_hours": "Fr[1]",
                "id": "node/13965413172"
            },
            "id": "node/13965413172"
        }
    ]
}